sample_id,text,label,device_type,specialty,supervision_stage,event_time,source_unit,data_source
synthetic_v1_验收把关不严_0014,现场检查发现断路器联动验收未组织必要见证资料，仍出具通过意见,验收把关不严,断路器,一次设备,检修验收,2025-01-22,变电运维站,synthetic_v1
synthetic_v1_记录台账不规范_0088,到货验收过程中配电自动化终端原始记录未签字确认时间戳，整改闭环信息缺失,记录台账不规范,配电自动化终端,配电,到货验收,2024-02-13,检修中心,synthetic_v1
synthetic_v1_标准执行不到位_0198,接地网在隐蔽验收环节周期要求执行频次低于实施步骤，与标准要求存在偏差,标准执行不到位,接地网,土建,隐蔽验收,2025-02-28,变电运维站,synthetic_v1
synthetic_v1_标准执行不到位_0083,二次设备专业直流系统双签要求未按填报要求，与标准要求存在偏差,标准执行不到位,直流系统,二次设备,日常巡检,2024-10-24,检修中心,synthetic_v1
synthetic_v1_验收把关不严_0048,现场检查发现直流系统功能验收未组织必要见证资料，未形成风险复核闭环,验收把关不严,直流系统,二次设备,试验检测,2024-09-06,设备检修部,synthetic_v1
synthetic_v1_试验检测缺失_0059,现场检查发现接地网功能校验漏做关键项目，导致结果无法满足验收依据,试验检测缺失,接地网,土建,整改复验,2024-07-20,营销运维班,synthetic_v1
synthetic_v1_试验检测缺失_0085,配电自动化终端在到货验收环节预防性试验仅完成部分高风险回路，现场未提供替代依据,试验检测缺失,配电自动化终端,配电,到货验收,2024-04-20,试验班,synthetic_v1
synthetic_v1_记录台账不规范_0045,现场检查发现避雷器巡检台账仅保留结论关键字段，整改闭环信息缺失,记录台账不规范,避雷器,一次设备,试验检测,2024-04-03,检修中心,synthetic_v1
synthetic_v1_标准执行不到位_0053,检修验收过程中电缆线路判定规则仍沿用验收规则，相关班组未完成切换宣贯,标准执行不到位,电缆线路,输电,检修验收,2024-09-13,运维二班,synthetic_v1
synthetic_v1_验收把关不严_0145,试验检测过程中直流系统投运验收仅抽查全量回路，未形成风险复核闭环,验收把关不严,直流系统,二次设备,试验检测,2025-01-03,试验班,synthetic_v1
synthetic_v1_记录台账不规范_0109,输电专业架空线路原始记录未签字确认关键字段，扫描件质量较差,记录台账不规范,架空线路,输电,竣工验收,2024-04-20,试验班,synthetic_v1
synthetic_v1_试验检测缺失_0127,二次设备专业继电保护装置核容试验漏做关键项目，导致结果无法满足验收依据,试验检测缺失,继电保护装置,二次设备,工程验收,2025-06-03,输电运检室,synthetic_v1
synthetic_v1_记录台账不规范_0125,继电保护装置操作记录时间不一致关键字段，无法支撑后续追溯,记录台账不规范,继电保护装置,二次设备,定期检验,2025-01-27,运维二班,synthetic_v1
synthetic_v1_记录台账不规范_0197,断路器原始记录漏填复验结论，不满足留痕管理要求,记录台账不规范,断路器,一次设备,试验检测,2024-09-15,继保班,synthetic_v1
synthetic_v1_记录台账不规范_0023,一次设备专业避雷器操作记录未签字确认检查明细，台账完整性不足,记录台账不规范,避雷器,一次设备,在线监测,2024-04-28,配电工程部,synthetic_v1
synthetic_v1_验收把关不严_0064,缺陷处理过程中断路器检修验收仅抽查专项复验，未形成风险复核闭环,验收把关不严,断路器,一次设备,缺陷处理,2025-04-29,检修中心,synthetic_v1
synthetic_v1_验收把关不严_0123,现场检查发现电能表联动验收未完成复验即关键试验结果，关键见证点缺失,验收把关不严,电能表,营销,轮换验收,2024-10-09,运检一班,synthetic_v1
synthetic_v1_标准执行不到位_0085,交接验收过程中开关柜判定规则抽检比例低于验收规则，现场人员解释依据不充分,标准执行不到位,开关柜,配电,交接验收,2024-04-21,检修中心,synthetic_v1
synthetic_v1_标准执行不到位_0079,二次设备专业直流系统双签要求抽检比例低于验收规则，相关班组未完成切换宣贯,标准执行不到位,直流系统,二次设备,日常巡检,2025-04-15,检修中心,synthetic_v1
synthetic_v1_试验检测缺失_0041,防误闭锁装置状态检测未覆盖必要工况，与现行标准要求不符,试验检测缺失,防误闭锁装置,二次设备,运行维护,2024-01-10,运维二班,synthetic_v1
synthetic_v1_验收把关不严_0126,避雷器检修验收资料未齐套即专项复验，关键见证点缺失,验收把关不严,避雷器,一次设备,异常处置,2024-11-28,运维二班,synthetic_v1
synthetic_v1_记录台账不规范_0139,二次设备专业继电保护装置原始记录漏填关键字段，扫描件质量较差,记录台账不规范,继电保护装置,二次设备,工程验收,2024-04-12,运检一班,synthetic_v1
synthetic_v1_标准执行不到位_0025,继电保护装置作业流程仍沿用抽检口径，现场人员解释依据不充分,标准执行不到位,继电保护装置,二次设备,工程验收,2024-12-27,运检一班,synthetic_v1
synthetic_v1_试验检测缺失_0101,二次回路状态检测超周期仍未实施规定项目，导致结果无法满足验收依据,试验检测缺失,二次回路,二次设备,现场作业,2024-01-15,试验班,synthetic_v1
synthetic_v1_试验检测缺失_0026,试验检测过程中电缆线路预防性试验未开展重点测点，与现行标准要求不符,试验检测缺失,电缆线路,输电,试验检测,2024-08-13,基建项目部,synthetic_v1
synthetic_v1_试验检测缺失_0069,现场检查发现避雷器耐压试验未覆盖必要工况，现场未提供替代依据,试验检测缺失,避雷器,一次设备,在线监测,2024-05-16,设备检修部,synthetic_v1
synthetic_v1_试验检测缺失_0187,工程验收过程中继电保护装置耐压试验未覆盖全部间隔，未见补测安排,试验检测缺失,继电保护装置,二次设备,工程验收,2024-01-08,运维二班,synthetic_v1
synthetic_v1_标准执行不到位_0132,缺陷处理过程中断路器判定规则仍沿用验收规则，仍按历史经验执行,标准执行不到位,断路器,一次设备,缺陷处理,2024-06-22,输电运检室,synthetic_v1
synthetic_v1_试验检测缺失_0033,配电自动化终端功能校验未覆盖规定项目，且原始记录无说明,试验检测缺失,配电自动化终端,配电,到货验收,2025-02-20,检修中心,synthetic_v1
synthetic_v1_试验检测缺失_0183,接地网在现场检查环节功能校验超周期仍未实施全部间隔，现场未提供替代依据,试验检测缺失,接地网,土建,现场检查,2025-03-29,试验班,synthetic_v1
synthetic_v1_试验检测缺失_0114,输电专业电缆线路状态检测未开展关键项目，且原始记录无说明,试验检测缺失,电缆线路,输电,隐患排查,2025-03-24,设备检修部,synthetic_v1
synthetic_v1_试验检测缺失_0098,配电专业开关柜交接试验漏做关键项目，未见补测安排,试验检测缺失,开关柜,配电,交接验收,2024-11-09,试验班,synthetic_v1
synthetic_v1_记录台账不规范_0150,营销专业电能表验收问题清单未签字确认复验结论，扫描件质量较差,记录台账不规范,电能表,营销,轮换验收,2024-03-17,检修中心,synthetic_v1
synthetic_v1_标准执行不到位_0057,土建专业接地网最新标准条款执行频次低于填报要求，仍按历史经验执行,标准执行不到位,接地网,土建,整改复验,2024-11-05,试验班,synthetic_v1
synthetic_v1_试验检测缺失_0097,二次设备专业防误闭锁装置耐压试验未覆盖必要工况，导致结果无法满足验收依据,试验检测缺失,防误闭锁装置,二次设备,联调联试,2024-12-18,设备管理部,synthetic_v1
synthetic_v1_记录台账不规范_0143,接地网检测报告仅保留结论处理依据，无法支撑后续追溯,记录台账不规范,接地网,土建,现场检查,2024-05-15,运维二班,synthetic_v1
synthetic_v1_标准执行不到位_0013,大修验收过程中主变压器作业流程执行频次低于巡检周期，仍按历史经验执行,标准执行不到位,主变压器,一次设备,大修验收,2024-08-31,输电运检室,synthetic_v1
synthetic_v1_标准执行不到位_0004,二次设备专业二次回路判定规则简化处理验收规则，与标准要求存在偏差,标准执行不到位,二次回路,二次设备,技改验收,2025-02-22,配电工程部,synthetic_v1
synthetic_v1_验收把关不严_0111,现场检查发现主变压器功能验收未覆盖关键试验结果，关键见证点缺失,验收把关不严,主变压器,一次设备,状态监测,2025-02-01,变电运维站,synthetic_v1
synthetic_v1_试验检测缺失_0066,试验检测过程中主变压器功能校验未覆盖重点测点，现场未提供替代依据,试验检测缺失,主变压器,一次设备,试验检测,2024-03-15,设备检修部,synthetic_v1
synthetic_v1_标准执行不到位_0115,到货验收过程中开关柜作业流程仍沿用审核流程，与标准要求存在偏差,标准执行不到位,开关柜,配电,到货验收,2025-03-25,配电工程部,synthetic_v1
synthetic_v1_记录台账不规范_0068,一次设备专业断路器原始记录时间不一致复验结论，不满足留痕管理要求,记录台账不规范,断路器,一次设备,缺陷处理,2025-02-04,运检一班,synthetic_v1
synthetic_v1_标准执行不到位_0140,避雷器管理模板未落实实施步骤，与标准要求存在偏差,标准执行不到位,避雷器,一次设备,异常处置,2024-11-03,继保班,synthetic_v1
synthetic_v1_验收把关不严_0187,防误闭锁装置工程验收未覆盖图纸一致性，仍出具通过意见,验收把关不严,防误闭锁装置,二次设备,改造验收,2024-08-26,基建项目部,synthetic_v1
synthetic_v1_试验检测缺失_0154,接地网专项复验超周期仍未实施重点测点，且原始记录无说明,试验检测缺失,接地网,土建,现场检查,2025-04-20,变电运维站,synthetic_v1
synthetic_v1_记录台账不规范_0074,防误闭锁装置验收问题清单未填写关键字段，台账完整性不足,记录台账不规范,防误闭锁装置,二次设备,改造验收,2024-10-28,运检一班,synthetic_v1
synthetic_v1_标准执行不到位_0163,架空线路在缺陷管理环节管理模板未落实验收规则，与标准要求存在偏差,标准执行不到位,架空线路,输电,缺陷管理,2024-07-03,基建项目部,synthetic_v1
synthetic_v1_验收把关不严_0178,电能表投运验收未核对必要见证资料，会议纪要未见异议记录,验收把关不严,电能表,营销,计划管理,2024-07-08,运检一班,synthetic_v1
synthetic_v1_试验检测缺失_0042,输电专业电缆线路专项复验缺少关键项目，未见补测安排,试验检测缺失,电缆线路,输电,试验检测,2024-09-28,设备管理部,synthetic_v1
synthetic_v1_记录台账不规范_0059,现场检查发现配电自动化终端巡检台账缺少复验结论，无法支撑后续追溯,记录台账不规范,配电自动化终端,配电,到货验收,2025-02-01,基建项目部,synthetic_v1
synthetic_v1_试验检测缺失_0111,现场检查过程中接地网预防性试验未覆盖必要工况，未见补测安排,试验检测缺失,接地网,土建,现场检查,2024-07-21,试验班,synthetic_v1
synthetic_v1_验收把关不严_0195,接地网在隐蔽验收环节工程验收未核对关键风险点，会议纪要未见异议记录,验收把关不严,接地网,土建,隐蔽验收,2024-03-08,输电运检室,synthetic_v1
synthetic_v1_验收把关不严_0078,开关柜联动验收未核对图纸一致性，仍出具通过意见,验收把关不严,开关柜,配电,交接验收,2024-05-09,设备检修部,synthetic_v1
synthetic_v1_记录台账不规范_0116,开关柜在交接验收环节验收问题清单缺少检查明细，扫描件质量较差,记录台账不规范,开关柜,配电,交接验收,2024-12-05,配电工程部,synthetic_v1
synthetic_v1_验收把关不严_0141,现场检查发现主变压器联动验收未核对关键试验结果，会议纪要未见异议记录,验收把关不严,主变压器,一次设备,大修验收,2024-08-04,继保班,synthetic_v1
synthetic_v1_标准执行不到位_0088,一次设备专业断路器判定规则执行频次低于审核流程，相关班组未完成切换宣贯,标准执行不到位,断路器,一次设备,检修验收,2025-05-02,变电运维站,synthetic_v1
synthetic_v1_验收把关不严_0062,轮换验收过程中电能表联动验收未核对图纸一致性，关键见证点缺失,验收把关不严,电能表,营销,轮换验收,2025-04-06,试验班,synthetic_v1
synthetic_v1_验收把关不严_0186,架空线路在日常巡检环节联动验收未完成复验即专项复验，关键见证点缺失,验收把关不严,架空线路,输电,日常巡检,2024-05-12,输电运检室,synthetic_v1
synthetic_v1_标准执行不到位_0086,主变压器在状态监测环节最新标准条款未落实实施步骤，与标准要求存在偏差,标准执行不到位,主变压器,一次设备,状态监测,2024-08-19,设备管理部,synthetic_v1
synthetic_v1_标准执行不到位_0144,日常巡检过程中架空线路现行标准简化处理审核流程，导致执行口径不一致,标准执行不到位,架空线路,输电,日常巡检,2024-07-02,运检一班,synthetic_v1
synthetic_v1_验收把关不严_0116,现场检查发现直流系统检修验收未覆盖关键试验结果，验收把关流于形式,验收把关不严,直流系统,二次设备,运维监督,2025-06-22,继保班,synthetic_v1
synthetic_v1_试验检测缺失_0070,技改验收过程中二次回路核容试验未覆盖必要工况，且原始记录无说明,试验检测缺失,二次回路,二次设备,技改验收,2025-05-31,基建项目部,synthetic_v1
synthetic_v1_记录台账不规范_0113,营销专业电能表操作记录仅保留结论时间戳，整改闭环信息缺失,记录台账不规范,电能表,营销,计划管理,2024-08-15,输电运检室,synthetic_v1
synthetic_v1_记录台账不规范_0060,现场检查发现二次回路原始记录时间不一致时间戳，扫描件质量较差,记录台账不规范,二次回路,二次设备,运行维护,2025-01-02,营销运维班,synthetic_v1
synthetic_v1_记录台账不规范_0078,现场检查发现继电保护装置原始记录漏填处理依据，整改闭环信息缺失,记录台账不规范,继电保护装置,二次设备,运行操作,2024-10-31,试验班,synthetic_v1
synthetic_v1_标准执行不到位_0171,断路器双签要求未按抽检口径，与标准要求存在偏差,标准执行不到位,断路器,一次设备,检修验收,2025-05-09,运检一班,synthetic_v1
synthetic_v1_试验检测缺失_0029,GIS设备功能校验漏做全部间隔，且原始记录无说明,试验检测缺失,GIS设备,一次设备,交接验收,2025-03-17,变电运维站,synthetic_v1
synthetic_v1_记录台账不规范_0070,二次回路在技改验收环节检测报告仅保留结论时间戳，扫描件质量较差,记录台账不规范,二次回路,二次设备,技改验收,2024-03-31,检修中心,synthetic_v1
synthetic_v1_试验检测缺失_0047,二次回路在现场作业环节耐压试验缺少全部间隔，现场未提供替代依据,试验检测缺失,二次回路,二次设备,现场作业,2024-09-25,变电运维站,synthetic_v1
synthetic_v1_试验检测缺失_0123,主变压器交接试验超周期仍未实施高风险回路，现场未提供替代依据,试验检测缺失,主变压器,一次设备,状态监测,2024-09-02,基建项目部,synthetic_v1
synthetic_v1_记录台账不规范_0063,一次设备专业主变压器验收问题清单漏填时间戳，无法支撑后续追溯,记录台账不规范,主变压器,一次设备,大修验收,2024-07-25,基建项目部,synthetic_v1
synthetic_v1_验收把关不严_0156,日常巡检过程中直流系统隐蔽验收未覆盖必要见证资料，会议纪要未见异议记录,验收把关不严,直流系统,二次设备,日常巡检,2025-03-29,试验班,synthetic_v1
synthetic_v1_试验检测缺失_0157,现场检查发现架空线路耐压试验未覆盖关键项目，且原始记录无说明,试验检测缺失,架空线路,输电,日常巡检,2024-06-07,营销运维班,synthetic_v1
synthetic_v1_标准执行不到位_0034,配电专业开关柜周期要求仍沿用填报要求，仍按历史经验执行,标准执行不到位,开关柜,配电,交接验收,2024-12-13,配电工程部,synthetic_v1
synthetic_v1_验收把关不严_0025,避雷器在异常处置环节联动验收未核对关键风险点，验收把关流于形式,验收把关不严,避雷器,一次设备,异常处置,2025-03-05,设备管理部,synthetic_v1
synthetic_v1_记录台账不规范_0062,主变压器在试验检测环节巡检台账时间不一致处理依据，不满足留痕管理要求,记录台账不规范,主变压器,一次设备,试验检测,2024-08-26,运检一班,synthetic_v1
synthetic_v1_标准执行不到位_0009,现场作业过程中二次回路最新标准条款仍沿用巡检周期，仍按历史经验执行,标准执行不到位,二次回路,二次设备,现场作业,2024-11-12,输电运检室,synthetic_v1
synthetic_v1_标准执行不到位_0098,土建专业接地网周期要求仍沿用填报要求，导致执行口径不一致,标准执行不到位,接地网,土建,现场检查,2024-11-10,设备检修部,synthetic_v1
synthetic_v1_记录台账不规范_0138,一次设备专业GIS设备检测报告缺少复验结论，整改闭环信息缺失,记录台账不规范,GIS设备,一次设备,设备检修,2024-04-13,运维二班,synthetic_v1
synthetic_v1_验收把关不严_0152,现场检查发现避雷器联动验收未组织全量回路，未形成风险复核闭环,验收把关不严,避雷器,一次设备,异常处置,2025-03-12,检修中心,synthetic_v1
synthetic_v1_记录台账不规范_0176,现场检查发现断路器原始记录未签字确认责任人信息，扫描件质量较差,记录台账不规范,断路器,一次设备,缺陷处理,2024-05-02,设备管理部,synthetic_v1
synthetic_v1_记录台账不规范_0190,现场检查发现直流系统原始记录仅保留结论检查明细，台账完整性不足,记录台账不规范,直流系统,二次设备,日常巡检,2025-02-02,运检一班,synthetic_v1
synthetic_v1_记录台账不规范_0006,直流系统检测报告未签字确认处理依据，台账完整性不足,记录台账不规范,直流系统,二次设备,试验检测,2024-08-27,试验班,synthetic_v1
synthetic_v1_标准执行不到位_0035,现场检查发现配电自动化终端周期要求未落实实施步骤，仍按历史经验执行,标准执行不到位,配电自动化终端,配电,运行维护,2024-03-25,试验班,synthetic_v1
synthetic_v1_试验检测缺失_0167,继电保护装置功能校验未开展全部间隔，且原始记录无说明,试验检测缺失,继电保护装置,二次设备,工程验收,2024-02-01,变电运维站,synthetic_v1
synthetic_v1_试验检测缺失_0115,架空线路耐压试验缺少必要工况，现场未提供替代依据,试验检测缺失,架空线路,输电,竣工验收,2024-04-03,运检一班,synthetic_v1
synthetic_v1_验收把关不严_0069,架空线路在日常巡检环节工程验收未组织全量回路，关键见证点缺失,验收把关不严,架空线路,输电,日常巡检,2024-06-27,变电运维站,synthetic_v1
synthetic_v1_标准执行不到位_0082,二次回路在运行维护环节现行标准简化处理验收规则，导致执行口径不一致,标准执行不到位,二次回路,二次设备,运行维护,2024-10-07,营销运维班,synthetic_v1
synthetic_v1_验收把关不严_0043,现场检查发现断路器隐蔽验收未组织专项复验，未形成风险复核闭环,验收把关不严,断路器,一次设备,试验检测,2025-02-13,试验班,synthetic_v1
synthetic_v1_验收把关不严_0134,现场检查发现防误闭锁装置隐蔽验收资料未齐套即关键试验结果，验收把关流于形式,验收把关不严,防误闭锁装置,二次设备,联调联试,2025-05-14,继保班,synthetic_v1
synthetic_v1_标准执行不到位_0122,电缆线路在试验检测环节最新标准条款简化处理巡检周期，与标准要求存在偏差,标准执行不到位,电缆线路,输电,试验检测,2024-09-05,配电工程部,synthetic_v1
synthetic_v1_标准执行不到位_0155,现场检查发现继电保护装置作业流程未落实审核流程，导致执行口径不一致,标准执行不到位,继电保护装置,二次设备,工程验收,2024-03-27,配电工程部,synthetic_v1
synthetic_v1_记录台账不规范_0124,一次设备专业避雷器检测报告仅保留结论复验结论，无法支撑后续追溯,记录台账不规范,避雷器,一次设备,在线监测,2024-01-05,变电运维站,synthetic_v1
synthetic_v1_标准执行不到位_0018,一次设备专业避雷器现行标准执行频次低于抽检口径，导致执行口径不一致,标准执行不到位,避雷器,一次设备,试验检测,2024-01-28,输电运检室,synthetic_v1
synthetic_v1_记录台账不规范_0008,主变压器检测报告未签字确认复验结论，整改闭环信息缺失,记录台账不规范,主变压器,一次设备,状态监测,2024-05-03,输电运检室,synthetic_v1
synthetic_v1_验收把关不严_0065,现场检查发现电能表工程验收资料未齐套即全量回路，关键见证点缺失,验收把关不严,电能表,营销,抽检监督,2024-11-19,设备管理部,synthetic_v1
synthetic_v1_标准执行不到位_0175,开关柜在到货验收环节最新标准条款抽检比例低于巡检周期，导致执行口径不一致,标准执行不到位,开关柜,配电,到货验收,2024-06-27,设备管理部,synthetic_v1
synthetic_v1_试验检测缺失_0061,试验检测过程中直流系统功能校验缺少重点测点，且原始记录无说明,试验检测缺失,直流系统,二次设备,试验检测,2024-05-10,试验班,synthetic_v1
synthetic_v1_验收把关不严_0124,一次设备专业断路器检修验收未组织图纸一致性，会议纪要未见异议记录,验收把关不严,断路器,一次设备,试验检测,2025-04-16,运检一班,synthetic_v1
synthetic_v1_验收把关不严_0184,现场检查发现电缆线路投运验收未完成复验即关键风险点，关键见证点缺失,验收把关不严,电缆线路,输电,试验检测,2024-08-02,营销运维班,synthetic_v1
synthetic_v1_标准执行不到位_0167,试验检测过程中电缆线路管理模板未按审核流程，相关班组未完成切换宣贯,标准执行不到位,电缆线路,输电,试验检测,2024-03-28,输电运检室,synthetic_v1
synthetic_v1_试验检测缺失_0076,现场检查发现防误闭锁装置核容试验未覆盖全部间隔，现场未提供替代依据,试验检测缺失,防误闭锁装置,二次设备,改造验收,2024-11-01,输电运检室,synthetic_v1
synthetic_v1_验收把关不严_0085,避雷器在试验检测环节检修验收资料未齐套即图纸一致性，未形成风险复核闭环,验收把关不严,避雷器,一次设备,试验检测,2025-03-23,设备管理部,synthetic_v1
synthetic_v1_记录台账不规范_0119,试验检测过程中主变压器异常处置单缺少检查明细，整改闭环信息缺失,记录台账不规范,主变压器,一次设备,试验检测,2024-07-24,检修中心,synthetic_v1
synthetic_v1_试验检测缺失_0192,竣工验收过程中架空线路核容试验未覆盖高风险回路，导致结果无法满足验收依据,试验检测缺失,架空线路,输电,竣工验收,2024-03-21,设备管理部,synthetic_v1
synthetic_v1_试验检测缺失_0023,缺陷处理过程中断路器状态检测漏做必要工况，且原始记录无说明,试验检测缺失,断路器,一次设备,缺陷处理,2024-06-18,设备检修部,synthetic_v1
synthetic_v1_记录台账不规范_0017,现场检查发现主变压器操作记录未签字确认责任人信息，扫描件质量较差,记录台账不规范,主变压器,一次设备,大修验收,2024-05-15,输电运检室,synthetic_v1
synthetic_v1_标准执行不到位_0182,架空线路现行标准简化处理审核流程，相关班组未完成切换宣贯,标准执行不到位,架空线路,输电,缺陷管理,2024-05-17,变电运维站,synthetic_v1
synthetic_v1_验收把关不严_0121,配电专业开关柜功能验收资料未齐套即关键风险点，仍出具通过意见,验收把关不严,开关柜,配电,交接验收,2025-04-08,输电运检室,synthetic_v1
synthetic_v1_验收把关不严_0053,到货验收过程中开关柜检修验收未组织图纸一致性，验收把关流于形式,验收把关不严,开关柜,配电,到货验收,2024-09-04,继保班,synthetic_v1
synthetic_v1_试验检测缺失_0003,架空线路在缺陷管理环节耐压试验超周期仍未实施重点测点，现场未提供替代依据,试验检测缺失,架空线路,输电,缺陷管理,2024-07-22,设备管理部,synthetic_v1
synthetic_v1_记录台账不规范_0199,避雷器验收问题清单缺少复验结论，无法支撑后续追溯,记录台账不规范,避雷器,一次设备,异常处置,2025-05-13,基建项目部,synthetic_v1
synthetic_v1_验收把关不严_0169,投运验收过程中开关柜工程验收资料未齐套即专项复验，仍出具通过意见,验收把关不严,开关柜,配电,投运验收,2025-02-06,检修中心,synthetic_v1
synthetic_v1_标准执行不到位_0060,直流系统在运维监督环节现行标准抽检比例低于巡检周期，现场人员解释依据不充分,标准执行不到位,直流系统,二次设备,运维监督,2025-06-11,输电运检室,synthetic_v1
synthetic_v1_验收把关不严_0155,二次设备专业二次回路工程验收未核对图纸一致性，仍出具通过意见,验收把关不严,二次回路,二次设备,现场作业,2024-05-01,设备管理部,synthetic_v1
synthetic_v1_记录台账不规范_0120,二次设备专业二次回路验收问题清单未签字确认时间戳，无法支撑后续追溯,记录台账不规范,二次回路,二次设备,运行维护,2024-03-23,检修中心,synthetic_v1
synthetic_v1_验收把关不严_0127,架空线路联动验收未覆盖专项复验，仍出具通过意见,验收把关不严,架空线路,输电,日常巡检,2024-02-08,试验班,synthetic_v1
synthetic_v1_试验检测缺失_0102,主变压器核容试验超周期仍未实施全部间隔，与现行标准要求不符,试验检测缺失,主变压器,一次设备,状态监测,2024-05-09,试验班,synthetic_v1
synthetic_v1_验收把关不严_0035,运行操作过程中继电保护装置检修验收未覆盖必要见证资料，仍出具通过意见,验收把关不严,继电保护装置,二次设备,运行操作,2025-02-11,输电运检室,synthetic_v1
synthetic_v1_验收把关不严_0161,运维监督过程中直流系统隐蔽验收未核对必要见证资料，验收把关流于形式,验收把关不严,直流系统,二次设备,运维监督,2025-02-26,试验班,synthetic_v1
synthetic_v1_标准执行不到位_0181,现场检查发现GIS设备最新标准条款抽检比例低于填报要求，相关班组未完成切换宣贯,标准执行不到位,GIS设备,一次设备,试验检测,2025-04-13,输电运检室,synthetic_v1
synthetic_v1_标准执行不到位_0028,现场检查发现配电自动化终端判定规则未落实填报要求，与标准要求存在偏差,标准执行不到位,配电自动化终端,配电,到货验收,2024-09-03,输电运检室,synthetic_v1
synthetic_v1_验收把关不严_0191,隐蔽验收过程中接地网联动验收未覆盖关键试验结果，仍出具通过意见,验收把关不严,接地网,土建,隐蔽验收,2025-02-09,输电运检室,synthetic_v1
synthetic_v1_验收把关不严_0173,主变压器在试验检测环节检修验收未核对图纸一致性，仍出具通过意见,验收把关不严,主变压器,一次设备,试验检测,2024-06-02,输电运检室,synthetic_v1
synthetic_v1_记录台账不规范_0128,配电自动化终端检测报告漏填复验结论，无法支撑后续追溯,记录台账不规范,配电自动化终端,配电,功能验收,2024-08-21,运检一班,synthetic_v1
synthetic_v1_验收把关不严_0049,计划管理过程中电能表投运验收未组织专项复验，验收把关流于形式,验收把关不严,电能表,营销,计划管理,2024-04-29,设备检修部,synthetic_v1
synthetic_v1_标准执行不到位_0108,二次设备专业继电保护装置判定规则未落实填报要求，仍按历史经验执行,标准执行不到位,继电保护装置,二次设备,工程验收,2024-05-18,检修中心,synthetic_v1
synthetic_v1_标准执行不到位_0117,继电保护装置周期要求仍沿用巡检周期，相关班组未完成切换宣贯,标准执行不到位,继电保护装置,二次设备,定期检验,2025-06-17,变电运维站,synthetic_v1
synthetic_v1_记录台账不规范_0003,GIS设备巡检台账未填写责任人信息，整改闭环信息缺失,记录台账不规范,GIS设备,一次设备,设备检修,2024-01-17,设备检修部,synthetic_v1
synthetic_v1_试验检测缺失_0107,电能表状态检测仅完成部分关键项目，现场未提供替代依据,试验检测缺失,电能表,营销,抽检监督,2024-11-08,配电工程部,synthetic_v1
synthetic_v1_验收把关不严_0074,二次设备专业防误闭锁装置检修验收仅抽查必要见证资料，验收把关流于形式,验收把关不严,防误闭锁装置,二次设备,运行维护,2024-07-07,检修中心,synthetic_v1
synthetic_v1_试验检测缺失_0071,现场检查发现开关柜核容试验缺少重点测点，导致结果无法满足验收依据,试验检测缺失,开关柜,配电,交接验收,2024-09-22,设备检修部,synthetic_v1
synthetic_v1_标准执行不到位_0061,GIS设备在试验检测环节现行标准仍沿用实施步骤，相关班组未完成切换宣贯,标准执行不到位,GIS设备,一次设备,试验检测,2024-09-10,设备检修部,synthetic_v1
synthetic_v1_记录台账不规范_0038,GIS设备检测报告未签字确认关键字段，整改闭环信息缺失,记录台账不规范,GIS设备,一次设备,交接验收,2025-06-16,继保班,synthetic_v1
synthetic_v1_标准执行不到位_0074,运行维护过程中防误闭锁装置现行标准未落实验收规则，仍按历史经验执行,标准执行不到位,防误闭锁装置,二次设备,运行维护,2024-08-21,变电运维站,synthetic_v1
synthetic_v1_试验检测缺失_0160,电能表耐压试验超周期仍未实施必要工况，与现行标准要求不符,试验检测缺失,电能表,营销,轮换验收,2024-08-05,运维二班,synthetic_v1
synthetic_v1_试验检测缺失_0164,大修验收过程中主变压器交接试验未开展高风险回路，与现行标准要求不符,试验检测缺失,主变压器,一次设备,大修验收,2024-11-27,继保班,synthetic_v1
synthetic_v1_记录台账不规范_0102,竣工验收过程中架空线路操作记录时间不一致关键字段，扫描件质量较差,记录台账不规范,架空线路,输电,竣工验收,2025-04-30,检修中心,synthetic_v1
synthetic_v1_标准执行不到位_0128,GIS设备双签要求仍沿用巡检周期，仍按历史经验执行,标准执行不到位,GIS设备,一次设备,设备检修,2024-11-23,设备检修部,synthetic_v1
synthetic_v1_验收把关不严_0170,联调联试过程中防误闭锁装置投运验收资料未齐套即全量回路，会议纪要未见异议记录,验收把关不严,防误闭锁装置,二次设备,联调联试,2024-07-25,营销运维班,synthetic_v1
synthetic_v1_记录台账不规范_0020,试验检测过程中直流系统操作记录仅保留结论检查明细，不满足留痕管理要求,记录台账不规范,直流系统,二次设备,试验检测,2024-03-25,配电工程部,synthetic_v1
synthetic_v1_验收把关不严_0070,运行维护过程中配电自动化终端联动验收资料未齐套即全量回路，未形成风险复核闭环,验收把关不严,配电自动化终端,配电,运行维护,2024-03-21,设备检修部,synthetic_v1
synthetic_v1_试验检测缺失_0084,避雷器交接试验漏做必要工况，现场未提供替代依据,试验检测缺失,避雷器,一次设备,试验检测,2024-09-19,营销运维班,synthetic_v1
synthetic_v1_验收把关不严_0041,现场检查发现电能表投运验收未核对关键试验结果，关键见证点缺失,验收把关不严,电能表,营销,抽检监督,2024-10-19,设备管理部,synthetic_v1
synthetic_v1_试验检测缺失_0186,二次设备专业直流系统专项复验缺少规定项目，未见补测安排,试验检测缺失,直流系统,二次设备,试验检测,2024-01-08,运检一班,synthetic_v1
synthetic_v1_验收把关不严_0067,二次设备专业防误闭锁装置工程验收未组织关键试验结果，关键见证点缺失,验收把关不严,防误闭锁装置,二次设备,联调联试,2024-09-23,输电运检室,synthetic_v1
synthetic_v1_记录台账不规范_0175,运行维护过程中配电自动化终端巡检台账未签字确认时间戳，台账完整性不足,记录台账不规范,配电自动化终端,配电,运行维护,2024-10-28,继保班,synthetic_v1
synthetic_v1_验收把关不严_0022,现场检查发现GIS设备检修验收资料未齐套即图纸一致性，未形成风险复核闭环,验收把关不严,GIS设备,一次设备,交接验收,2025-04-27,设备检修部,synthetic_v1
synthetic_v1_验收把关不严_0086,一次设备专业避雷器检修验收未覆盖关键试验结果，关键见证点缺失,验收把关不严,避雷器,一次设备,试验检测,2025-03-08,运维二班,synthetic_v1
synthetic_v1_标准执行不到位_0121,现场检查发现电能表作业流程未按抽检口径，仍按历史经验执行,标准执行不到位,电能表,营销,抽检监督,2025-04-19,检修中心,synthetic_v1
synthetic_v1_标准执行不到位_0131,电能表在计划管理环节管理模板简化处理抽检口径，仍按历史经验执行,标准执行不到位,电能表,营销,计划管理,2024-12-11,设备检修部,synthetic_v1
synthetic_v1_记录台账不规范_0140,二次设备专业直流系统原始记录未填写复验结论，无法支撑后续追溯,记录台账不规范,直流系统,二次设备,试验检测,2024-04-07,运维二班,synthetic_v1
synthetic_v1_记录台账不规范_0133,直流系统在试验检测环节操作记录缺少检查明细，无法支撑后续追溯,记录台账不规范,直流系统,二次设备,试验检测,2025-06-16,运维二班,synthetic_v1
synthetic_v1_标准执行不到位_0066,断路器双签要求执行频次低于实施步骤，仍按历史经验执行,标准执行不到位,断路器,一次设备,检修验收,2025-01-09,营销运维班,synthetic_v1
synthetic_v1_记录台账不规范_0034,一次设备专业避雷器操作记录仅保留结论复验结论，整改闭环信息缺失,记录台账不规范,避雷器,一次设备,试验检测,2024-11-07,基建项目部,synthetic_v1
synthetic_v1_试验检测缺失_0117,一次设备专业断路器功能校验未开展高风险回路，且原始记录无说明,试验检测缺失,断路器,一次设备,缺陷处理,2025-05-18,配电工程部,synthetic_v1
synthetic_v1_试验检测缺失_0025,现场检查发现电缆线路预防性试验缺少高风险回路，与现行标准要求不符,试验检测缺失,电缆线路,输电,检修验收,2024-09-10,运维二班,synthetic_v1
synthetic_v1_试验检测缺失_0194,功能验收过程中配电自动化终端预防性试验缺少规定项目，导致结果无法满足验收依据,试验检测缺失,配电自动化终端,配电,功能验收,2024-05-31,输电运检室,synthetic_v1
synthetic_v1_记录台账不规范_0090,现场检查发现电缆线路操作记录缺少责任人信息，台账完整性不足,记录台账不规范,电缆线路,输电,检修验收,2024-11-29,设备管理部,synthetic_v1
synthetic_v1_标准执行不到位_0124,主变压器最新标准条款执行频次低于巡检周期，相关班组未完成切换宣贯,标准执行不到位,主变压器,一次设备,试验检测,2024-08-10,继保班,synthetic_v1
synthetic_v1_试验检测缺失_0004,一次设备专业避雷器核容试验未开展规定项目，且原始记录无说明,试验检测缺失,避雷器,一次设备,试验检测,2024-10-11,基建项目部,synthetic_v1
synthetic_v1_试验检测缺失_0034,断路器在检修验收环节核容试验漏做全部间隔，导致结果无法满足验收依据,试验检测缺失,断路器,一次设备,检修验收,2025-02-03,运检一班,synthetic_v1
synthetic_v1_记录台账不规范_0177,继电保护装置验收问题清单未填写责任人信息，无法支撑后续追溯,记录台账不规范,继电保护装置,二次设备,定期检验,2024-09-18,检修中心,synthetic_v1
synthetic_v1_记录台账不规范_0112,现场检查发现继电保护装置检测报告未签字确认处理依据，不满足留痕管理要求,记录台账不规范,继电保护装置,二次设备,工程验收,2025-02-18,配电工程部,synthetic_v1
synthetic_v1_试验检测缺失_0159,GIS设备功能校验未开展高风险回路，未见补测安排,试验检测缺失,GIS设备,一次设备,设备检修,2025-01-02,输电运检室,synthetic_v1
synthetic_v1_记录台账不规范_0041,投运验收过程中开关柜验收问题清单未签字确认复验结论，台账完整性不足,记录台账不规范,开关柜,配电,投运验收,2024-11-21,输电运检室,synthetic_v1
synthetic_v1_记录台账不规范_0047,开关柜原始记录未签字确认复验结论，台账完整性不足,记录台账不规范,开关柜,配电,投运验收,2024-04-06,继保班,synthetic_v1
synthetic_v1_验收把关不严_0046,现场检查发现主变压器投运验收未完成复验即关键试验结果，仍出具通过意见,验收把关不严,主变压器,一次设备,大修验收,2025-02-20,检修中心,synthetic_v1
synthetic_v1_验收把关不严_0146,直流系统功能验收未组织关键试验结果，关键见证点缺失,验收把关不严,直流系统,二次设备,试验检测,2024-04-11,营销运维班,synthetic_v1
synthetic_v1_标准执行不到位_0008,现场检查发现接地网判定规则未按填报要求，仍按历史经验执行,标准执行不到位,接地网,土建,整改复验,2025-06-23,营销运维班,synthetic_v1
synthetic_v1_记录台账不规范_0096,营销专业电能表巡检台账漏填关键字段，整改闭环信息缺失,记录台账不规范,电能表,营销,轮换验收,2024-04-10,营销运维班,synthetic_v1
synthetic_v1_验收把关不严_0084,二次设备专业继电保护装置检修验收未完成复验即关键风险点，关键见证点缺失,验收把关不严,继电保护装置,二次设备,定期检验,2024-10-26,配电工程部,synthetic_v1
synthetic_v1_记录台账不规范_0098,现场检查发现配电自动化终端巡检台账时间不一致处理依据，扫描件质量较差,记录台账不规范,配电自动化终端,配电,运行维护,2024-02-27,输电运检室,synthetic_v1
synthetic_v1_标准执行不到位_0174,试验检测过程中GIS设备管理模板未按巡检周期，与标准要求存在偏差,标准执行不到位,GIS设备,一次设备,试验检测,2024-04-27,运检一班,synthetic_v1
synthetic_v1_标准执行不到位_0048,电缆线路最新标准条款抽检比例低于验收规则，与标准要求存在偏差,标准执行不到位,电缆线路,输电,隐患排查,2025-04-23,输电运检室,synthetic_v1
synthetic_v1_试验检测缺失_0174,配电自动化终端状态检测仅完成部分必要工况，导致结果无法满足验收依据,试验检测缺失,配电自动化终端,配电,到货验收,2024-03-02,设备管理部,synthetic_v1
synthetic_v1_标准执行不到位_0031,继电保护装置在定期检验环节双签要求未按巡检周期，导致执行口径不一致,标准执行不到位,继电保护装置,二次设备,定期检验,2024-07-23,运检一班,synthetic_v1
synthetic_v1_记录台账不规范_0044,电能表验收问题清单仅保留结论时间戳，不满足留痕管理要求,记录台账不规范,电能表,营销,计划管理,2024-06-10,运维二班,synthetic_v1
synthetic_v1_标准执行不到位_0101,现场检查发现配电自动化终端管理模板未落实验收规则，与标准要求存在偏差,标准执行不到位,配电自动化终端,配电,运行维护,2024-09-10,继保班,synthetic_v1
synthetic_v1_试验检测缺失_0168,防误闭锁装置专项复验未开展必要工况，未见补测安排,试验检测缺失,防误闭锁装置,二次设备,联调联试,2024-03-16,设备检修部,synthetic_v1
synthetic_v1_验收把关不严_0167,改造验收过程中防误闭锁装置投运验收未完成复验即必要见证资料，关键见证点缺失,验收把关不严,防误闭锁装置,二次设备,改造验收,2024-10-28,配电工程部,synthetic_v1
synthetic_v1_验收把关不严_0114,电能表工程验收未完成复验即关键试验结果，仍出具通过意见,验收把关不严,电能表,营销,轮换验收,2024-02-29,营销运维班,synthetic_v1
synthetic_v1_试验检测缺失_0104,电能表功能校验未覆盖关键项目，现场未提供替代依据,试验检测缺失,电能表,营销,轮换验收,2024-03-07,运维二班,synthetic_v1
synthetic_v1_验收把关不严_0021,二次设备专业继电保护装置联动验收未完成复验即必要见证资料，仍出具通过意见,验收把关不严,继电保护装置,二次设备,定期检验,2025-02-19,设备管理部,synthetic_v1
synthetic_v1_标准执行不到位_0092,改造验收过程中防误闭锁装置最新标准条款简化处理实施步骤，相关班组未完成切换宣贯,标准执行不到位,防误闭锁装置,二次设备,改造验收,2025-04-24,设备管理部,synthetic_v1
synthetic_v1_验收把关不严_0089,避雷器联动验收仅抽查关键风险点，验收把关流于形式,验收把关不严,避雷器,一次设备,试验检测,2024-06-04,运检一班,synthetic_v1
synthetic_v1_验收把关不严_0073,现场检查发现开关柜功能验收未组织全量回路，关键见证点缺失,验收把关不严,开关柜,配电,交接验收,2025-02-08,基建项目部,synthetic_v1
synthetic_v1_验收把关不严_0097,二次设备专业二次回路检修验收仅抽查必要见证资料，未形成风险复核闭环,验收把关不严,二次回路,二次设备,现场作业,2024-08-11,变电运维站,synthetic_v1
synthetic_v1_记录台账不规范_0005,接地网检测报告缺少时间戳，无法支撑后续追溯,记录台账不规范,接地网,土建,隐蔽验收,2024-03-25,试验班,synthetic_v1
synthetic_v1_记录台账不规范_0101,电缆线路在检修验收环节原始记录仅保留结论复验结论，扫描件质量较差,记录台账不规范,电缆线路,输电,检修验收,2024-05-06,变电运维站,synthetic_v1
synthetic_v1_标准执行不到位_0058,防误闭锁装置在改造验收环节周期要求仍沿用抽检口径，仍按历史经验执行,标准执行不到位,防误闭锁装置,二次设备,改造验收,2024-03-02,营销运维班,synthetic_v1
synthetic_v1_标准执行不到位_0036,营销专业电能表现行标准简化处理实施步骤，相关班组未完成切换宣贯,标准执行不到位,电能表,营销,计划管理,2024-10-27,设备管理部,synthetic_v1
synthetic_v1_试验检测缺失_0128,营销专业电能表功能校验缺少必要工况，且原始记录无说明,试验检测缺失,电能表,营销,抽检监督,2025-05-16,基建项目部,synthetic_v1
synthetic_v1_记录台账不规范_0030,技改验收过程中二次回路操作记录未填写时间戳，整改闭环信息缺失,记录台账不规范,二次回路,二次设备,技改验收,2024-07-02,检修中心,synthetic_v1
synthetic_v1_试验检测缺失_0165,配电专业开关柜预防性试验超周期仍未实施全部间隔，且原始记录无说明,试验检测缺失,开关柜,配电,交接验收,2024-04-26,设备管理部,synthetic_v1
synthetic_v1_标准执行不到位_0170,现场检查发现避雷器管理模板执行频次低于填报要求，导致执行口径不一致,标准执行不到位,避雷器,一次设备,试验检测,2025-02-04,输电运检室,synthetic_v1
synthetic_v1_记录台账不规范_0149,电能表在抽检监督环节检测报告未填写复验结论，不满足留痕管理要求,记录台账不规范,电能表,营销,抽检监督,2024-02-25,基建项目部,synthetic_v1
synthetic_v1_记录台账不规范_0171,异常处置过程中避雷器原始记录未签字确认检查明细，不满足留痕管理要求,记录台账不规范,避雷器,一次设备,异常处置,2025-01-02,运检一班,synthetic_v1
synthetic_v1_试验检测缺失_0126,防误闭锁装置状态检测缺少必要工况，未见补测安排,试验检测缺失,防误闭锁装置,二次设备,联调联试,2025-01-27,检修中心,synthetic_v1
synthetic_v1_验收把关不严_0002,一次设备专业断路器隐蔽验收未核对必要见证资料，未形成风险复核闭环,验收把关不严,断路器,一次设备,试验检测,2024-09-09,输电运检室,synthetic_v1
synthetic_v1_试验检测缺失_0152,接地网功能校验仅完成部分重点测点，导致结果无法满足验收依据,试验检测缺失,接地网,土建,整改复验,2024-09-25,变电运维站,synthetic_v1
synthetic_v1_验收把关不严_0109,直流系统联动验收仅抽查必要见证资料，仍出具通过意见,验收把关不严,直流系统,二次设备,试验检测,2024-04-23,输电运检室,synthetic_v1
synthetic_v1_记录台账不规范_0025,一次设备专业断路器检测报告时间不一致关键字段，无法支撑后续追溯,记录台账不规范,断路器,一次设备,检修验收,2025-06-19,输电运检室,synthetic_v1
synthetic_v1_记录台账不规范_0051,抽检监督过程中电能表异常处置单未填写时间戳，整改闭环信息缺失,记录台账不规范,电能表,营销,抽检监督,2025-05-23,配电工程部,synthetic_v1
synthetic_v1_标准执行不到位_0075,电缆线路管理模板仍沿用填报要求，现场人员解释依据不充分,标准执行不到位,电缆线路,输电,隐患排查,2025-01-24,营销运维班,synthetic_v1
synthetic_v1_记录台账不规范_0069,运行维护过程中配电自动化终端巡检台账未签字确认关键字段，台账完整性不足,记录台账不规范,配电自动化终端,配电,运行维护,2024-04-16,继保班,synthetic_v1
synthetic_v1_标准执行不到位_0020,配电自动化终端在到货验收环节管理模板简化处理抽检口径，现场人员解释依据不充分,标准执行不到位,配电自动化终端,配电,到货验收,2024-02-09,检修中心,synthetic_v1
synthetic_v1_试验检测缺失_0189,现场检查发现直流系统功能校验未开展关键项目，导致结果无法满足验收依据,试验检测缺失,直流系统,二次设备,试验检测,2025-03-22,运检一班,synthetic_v1
synthetic_v1_记录台账不规范_0022,直流系统检测报告缺少责任人信息，无法支撑后续追溯,记录台账不规范,直流系统,二次设备,试验检测,2024-03-08,变电运维站,synthetic_v1
synthetic_v1_验收把关不严_0172,电缆线路在隐患排查环节检修验收未完成复验即专项复验，关键见证点缺失,验收把关不严,电缆线路,输电,隐患排查,2025-06-07,配电工程部,synthetic_v1
synthetic_v1_验收把关不严_0029,现场检查发现直流系统投运验收未核对全量回路，关键见证点缺失,验收把关不严,直流系统,二次设备,运维监督,2025-05-03,试验班,synthetic_v1
synthetic_v1_试验检测缺失_0125,交接验收过程中开关柜核容试验未覆盖全部间隔，且原始记录无说明,试验检测缺失,开关柜,配电,交接验收,2024-10-06,设备管理部,synthetic_v1
synthetic_v1_标准执行不到位_0046,配电专业开关柜管理模板简化处理审核流程，现场人员解释依据不充分,标准执行不到位,开关柜,配电,到货验收,2024-10-24,设备管理部,synthetic_v1
synthetic_v1_记录台账不规范_0164,现场检查发现直流系统巡检台账漏填责任人信息，不满足留痕管理要求,记录台账不规范,直流系统,二次设备,日常巡检,2025-04-08,试验班,synthetic_v1
synthetic_v1_标准执行不到位_0047,输电专业电缆线路最新标准条款仍沿用抽检口径，与标准要求存在偏差,标准执行不到位,电缆线路,输电,试验检测,2024-07-24,运维二班,synthetic_v1
synthetic_v1_记录台账不规范_0013,开关柜巡检台账缺少复验结论，扫描件质量较差,记录台账不规范,开关柜,配电,交接验收,2025-03-15,输电运检室,synthetic_v1
synthetic_v1_标准执行不到位_0158,二次回路作业流程抽检比例低于审核流程，仍按历史经验执行,标准执行不到位,二次回路,二次设备,技改验收,2025-05-22,继保班,synthetic_v1
synthetic_v1_试验检测缺失_0179,检修验收过程中断路器专项复验漏做关键项目，未见补测安排,试验检测缺失,断路器,一次设备,检修验收,2024-11-12,营销运维班,synthetic_v1
synthetic_v1_记录台账不规范_0076,架空线路在日常巡检环节检测报告未签字确认复验结论，不满足留痕管理要求,记录台账不规范,架空线路,输电,日常巡检,2024-02-01,设备检修部,synthetic_v1
synthetic_v1_试验检测缺失_0049,架空线路预防性试验缺少高风险回路，导致结果无法满足验收依据,试验检测缺失,架空线路,输电,日常巡检,2025-03-16,检修中心,synthetic_v1
synthetic_v1_记录台账不规范_0104,营销专业电能表巡检台账仅保留结论时间戳，无法支撑后续追溯,记录台账不规范,电能表,营销,抽检监督,2024-08-14,继保班,synthetic_v1
synthetic_v1_标准执行不到位_0166,GIS设备在试验检测环节周期要求抽检比例低于验收规则，导致执行口径不一致,标准执行不到位,GIS设备,一次设备,试验检测,2025-05-05,基建项目部,synthetic_v1
synthetic_v1_试验检测缺失_0011,一次设备专业断路器耐压试验超周期仍未实施必要工况，未见补测安排,试验检测缺失,断路器,一次设备,检修验收,2024-10-03,配电工程部,synthetic_v1
synthetic_v1_标准执行不到位_0130,现场检查发现开关柜双签要求仍沿用审核流程，仍按历史经验执行,标准执行不到位,开关柜,配电,交接验收,2024-06-05,试验班,synthetic_v1
synthetic_v1_验收把关不严_0188,主变压器在大修验收环节检修验收未覆盖关键试验结果，未形成风险复核闭环,验收把关不严,主变压器,一次设备,大修验收,2024-04-30,变电运维站,synthetic_v1
synthetic_v1_验收把关不严_0128,配电自动化终端投运验收资料未齐套即图纸一致性，关键见证点缺失,验收把关不严,配电自动化终端,配电,功能验收,2025-03-20,输电运检室,synthetic_v1
synthetic_v1_标准执行不到位_0039,二次回路最新标准条款未按验收规则，仍按历史经验执行,标准执行不到位,二次回路,二次设备,运行维护,2024-06-12,营销运维班,synthetic_v1
synthetic_v1_记录台账不规范_0185,防误闭锁装置巡检台账仅保留结论关键字段，不满足留痕管理要求,记录台账不规范,防误闭锁装置,二次设备,运行维护,2024-10-30,运检一班,synthetic_v1
synthetic_v1_标准执行不到位_0056,接地网在整改复验环节周期要求抽检比例低于验收规则，与标准要求存在偏差,标准执行不到位,接地网,土建,整改复验,2024-08-03,试验班,synthetic_v1
synthetic_v1_验收把关不严_0194,现场检查发现继电保护装置联动验收未完成复验即关键风险点，验收把关流于形式,验收把关不严,继电保护装置,二次设备,运行操作,2024-11-19,营销运维班,synthetic_v1
synthetic_v1_验收把关不严_0056,现场检查发现电能表工程验收未完成复验即专项复验，验收把关流于形式,验收把关不严,电能表,营销,轮换验收,2024-07-06,设备检修部,synthetic_v1
synthetic_v1_记录台账不规范_0103,轮换验收过程中电能表原始记录缺少责任人信息，台账完整性不足,记录台账不规范,电能表,营销,轮换验收,2024-04-02,营销运维班,synthetic_v1
synthetic_v1_试验检测缺失_0021,二次回路核容试验漏做高风险回路，未见补测安排,试验检测缺失,二次回路,二次设备,技改验收,2024-04-24,运检一班,synthetic_v1
synthetic_v1_试验检测缺失_0088,直流系统在试验检测环节耐压试验仅完成部分高风险回路，与现行标准要求不符,试验检测缺失,直流系统,二次设备,试验检测,2024-03-11,输电运检室,synthetic_v1
synthetic_v1_记录台账不规范_0085,配电自动化终端在运行维护环节操作记录未签字确认责任人信息，不满足留痕管理要求,记录台账不规范,配电自动化终端,配电,运行维护,2024-03-03,继保班,synthetic_v1
synthetic_v1_标准执行不到位_0143,现场检查发现避雷器现行标准简化处理实施步骤，相关班组未完成切换宣贯,标准执行不到位,避雷器,一次设备,在线监测,2025-05-01,营销运维班,synthetic_v1
synthetic_v1_试验检测缺失_0094,现场检查发现主变压器耐压试验缺少全部间隔，且原始记录无说明,试验检测缺失,主变压器,一次设备,状态监测,2024-03-28,继保班,synthetic_v1
synthetic_v1_验收把关不严_0176,配电自动化终端在到货验收环节检修验收未核对关键试验结果，未形成风险复核闭环,验收把关不严,配电自动化终端,配电,到货验收,2025-05-20,基建项目部,synthetic_v1
synthetic_v1_标准执行不到位_0109,日常巡检过程中直流系统判定规则未按填报要求，导致执行口径不一致,标准执行不到位,直流系统,二次设备,日常巡检,2025-01-19,配电工程部,synthetic_v1
synthetic_v1_记录台账不规范_0179,运行维护过程中配电自动化终端检测报告未填写关键字段，不满足留痕管理要求,记录台账不规范,配电自动化终端,配电,运行维护,2025-01-01,设备管理部,synthetic_v1
synthetic_v1_试验检测缺失_0015,现场作业过程中二次回路预防性试验未覆盖关键项目，与现行标准要求不符,试验检测缺失,二次回路,二次设备,现场作业,2025-06-05,检修中心,synthetic_v1
synthetic_v1_标准执行不到位_0093,配电专业开关柜最新标准条款未落实实施步骤，相关班组未完成切换宣贯,标准执行不到位,开关柜,配电,交接验收,2024-09-20,变电运维站,synthetic_v1
synthetic_v1_标准执行不到位_0068,二次设备专业防误闭锁装置现行标准仍沿用抽检口径，相关班组未完成切换宣贯,标准执行不到位,防误闭锁装置,二次设备,联调联试,2024-05-01,试验班,synthetic_v1
synthetic_v1_验收把关不严_0076,GIS设备功能验收仅抽查关键试验结果，仍出具通过意见,验收把关不严,GIS设备,一次设备,试验检测,2024-02-25,设备管理部,synthetic_v1
synthetic_v1_记录台账不规范_0007,避雷器巡检台账时间不一致检查明细，整改闭环信息缺失,记录台账不规范,避雷器,一次设备,试验检测,2024-05-15,运维二班,synthetic_v1
synthetic_v1_验收把关不严_0143,日常巡检过程中架空线路检修验收未组织关键风险点，会议纪要未见异议记录,验收把关不严,架空线路,输电,日常巡检,2024-02-14,设备管理部,synthetic_v1
synthetic_v1_标准执行不到位_0114,交接验收过程中GIS设备作业流程执行频次低于填报要求，与标准要求存在偏差,标准执行不到位,GIS设备,一次设备,交接验收,2024-02-04,基建项目部,synthetic_v1
synthetic_v1_记录台账不规范_0160,现场检查发现主变压器异常处置单未签字确认时间戳，不满足留痕管理要求,记录台账不规范,主变压器,一次设备,状态监测,2024-05-06,变电运维站,synthetic_v1
synthetic_v1_记录台账不规范_0049,竣工验收过程中架空线路巡检台账未填写时间戳，整改闭环信息缺失,记录台账不规范,架空线路,输电,竣工验收,2024-01-23,运维二班,synthetic_v1
synthetic_v1_标准执行不到位_0104,接地网在现场检查环节作业流程未按抽检口径，与标准要求存在偏差,标准执行不到位,接地网,土建,现场检查,2025-05-15,营销运维班,synthetic_v1
synthetic_v1_标准执行不到位_0161,现场检查发现二次回路判定规则简化处理填报要求，仍按历史经验执行,标准执行不到位,二次回路,二次设备,现场作业,2024-11-22,配电工程部,synthetic_v1
synthetic_v1_标准执行不到位_0070,现场检查发现主变压器作业流程执行频次低于抽检口径，现场人员解释依据不充分,标准执行不到位,主变压器,一次设备,试验检测,2024-12-07,检修中心,synthetic_v1
synthetic_v1_标准执行不到位_0010,现场检查发现避雷器管理模板简化处理实施步骤，导致执行口径不一致,标准执行不到位,避雷器,一次设备,在线监测,2024-03-20,检修中心,synthetic_v1
synthetic_v1_记录台账不规范_0173,日常巡检过程中直流系统原始记录时间不一致处理依据，扫描件质量较差,记录台账不规范,直流系统,二次设备,日常巡检,2024-11-16,配电工程部,synthetic_v1
synthetic_v1_标准执行不到位_0062,营销专业电能表管理模板仍沿用巡检周期，导致执行口径不一致,标准执行不到位,电能表,营销,抽检监督,2024-09-11,配电工程部,synthetic_v1
synthetic_v1_验收把关不严_0058,二次设备专业直流系统隐蔽验收仅抽查关键试验结果，未形成风险复核闭环,验收把关不严,直流系统,二次设备,试验检测,2025-04-13,检修中心,synthetic_v1
synthetic_v1_验收把关不严_0129,现场检查发现接地网联动验收未组织关键风险点，会议纪要未见异议记录,验收把关不严,接地网,土建,整改复验,2024-02-25,配电工程部,synthetic_v1
synthetic_v1_记录台账不规范_0126,现场检查发现电能表检测报告未签字确认检查明细，不满足留痕管理要求,记录台账不规范,电能表,营销,计划管理,2024-10-24,试验班,synthetic_v1
synthetic_v1_标准执行不到位_0095,电缆线路在检修验收环节现行标准未落实审核流程，现场人员解释依据不充分,标准执行不到位,电缆线路,输电,检修验收,2025-02-14,运维二班,synthetic_v1
synthetic_v1_标准执行不到位_0007,日常巡检过程中架空线路周期要求抽检比例低于填报要求，相关班组未完成切换宣贯,标准执行不到位,架空线路,输电,日常巡检,2024-11-13,运维二班,synthetic_v1
synthetic_v1_标准执行不到位_0024,试验检测过程中GIS设备作业流程未落实验收规则，现场人员解释依据不充分,标准执行不到位,GIS设备,一次设备,试验检测,2024-01-17,基建项目部,synthetic_v1
synthetic_v1_验收把关不严_0057,一次设备专业断路器联动验收资料未齐套即关键风险点，关键见证点缺失,验收把关不严,断路器,一次设备,试验检测,2025-03-09,设备管理部,synthetic_v1
synthetic_v1_验收把关不严_0033,现场检查发现直流系统功能验收未覆盖图纸一致性，未形成风险复核闭环,验收把关不严,直流系统,二次设备,试验检测,2024-10-09,输电运检室,synthetic_v1
synthetic_v1_标准执行不到位_0064,GIS设备最新标准条款仍沿用验收规则，相关班组未完成切换宣贯,标准执行不到位,GIS设备,一次设备,试验检测,2025-04-13,设备管理部,synthetic_v1
synthetic_v1_试验检测缺失_0002,现场检查发现GIS设备预防性试验未开展规定项目，未见补测安排,试验检测缺失,GIS设备,一次设备,设备检修,2024-02-02,配电工程部,synthetic_v1
synthetic_v1_记录台账不规范_0141,技改验收过程中二次回路原始记录仅保留结论关键字段，扫描件质量较差,记录台账不规范,二次回路,二次设备,技改验收,2024-10-01,基建项目部,synthetic_v1
synthetic_v1_试验检测缺失_0169,断路器在检修验收环节状态检测未覆盖必要工况，导致结果无法满足验收依据,试验检测缺失,断路器,一次设备,检修验收,2024-11-28,基建项目部,synthetic_v1
synthetic_v1_记录台账不规范_0050,GIS设备在试验检测环节原始记录未签字确认复验结论，不满足留痕管理要求,记录台账不规范,GIS设备,一次设备,试验检测,2024-02-13,运维二班,synthetic_v1
synthetic_v1_记录台账不规范_0165,运行操作过程中继电保护装置检测报告仅保留结论检查明细，无法支撑后续追溯,记录台账不规范,继电保护装置,二次设备,运行操作,2024-11-17,设备管理部,synthetic_v1
synthetic_v1_记录台账不规范_0142,GIS设备在试验检测环节异常处置单缺少时间戳，整改闭环信息缺失,记录台账不规范,GIS设备,一次设备,试验检测,2025-04-12,配电工程部,synthetic_v1
synthetic_v1_试验检测缺失_0020,现场检查发现架空线路状态检测缺少必要工况，与现行标准要求不符,试验检测缺失,架空线路,输电,缺陷管理,2025-01-17,检修中心,synthetic_v1
synthetic_v1_记录台账不规范_0186,GIS设备在交接验收环节原始记录仅保留结论复验结论，无法支撑后续追溯,记录台账不规范,GIS设备,一次设备,交接验收,2024-01-08,设备管理部,synthetic_v1
synthetic_v1_试验检测缺失_0077,配电自动化终端专项复验缺少全部间隔，且原始记录无说明,试验检测缺失,配电自动化终端,配电,运行维护,2025-05-14,继保班,synthetic_v1
synthetic_v1_标准执行不到位_0055,断路器现行标准抽检比例低于实施步骤，与标准要求存在偏差,标准执行不到位,断路器,一次设备,试验检测,2024-12-11,变电运维站,synthetic_v1
synthetic_v1_试验检测缺失_0010,投运验收过程中开关柜耐压试验仅完成部分规定项目，现场未提供替代依据,试验检测缺失,开关柜,配电,投运验收,2024-03-14,变电运维站,synthetic_v1
synthetic_v1_验收把关不严_0112,定期检验过程中继电保护装置隐蔽验收未完成复验即关键风险点，仍出具通过意见,验收把关不严,继电保护装置,二次设备,定期检验,2024-08-14,输电运检室,synthetic_v1
synthetic_v1_验收把关不严_0183,继电保护装置在工程验收环节工程验收未覆盖全量回路，关键见证点缺失,验收把关不严,继电保护装置,二次设备,工程验收,2024-05-04,检修中心,synthetic_v1
synthetic_v1_试验检测缺失_0037,防误闭锁装置状态检测未开展关键项目，未见补测安排,试验检测缺失,防误闭锁装置,二次设备,联调联试,2024-06-10,设备管理部,synthetic_v1
synthetic_v1_记录台账不规范_0093,试验检测过程中直流系统巡检台账未填写关键字段，整改闭环信息缺失,记录台账不规范,直流系统,二次设备,试验检测,2025-04-29,设备检修部,synthetic_v1
synthetic_v1_标准执行不到位_0135,电缆线路在检修验收环节判定规则抽检比例低于填报要求，导致执行口径不一致,标准执行不到位,电缆线路,输电,检修验收,2024-03-02,输电运检室,synthetic_v1
synthetic_v1_试验检测缺失_0053,缺陷处理过程中断路器核容试验未开展全部间隔，未见补测安排,试验检测缺失,断路器,一次设备,缺陷处理,2025-01-26,运维二班,synthetic_v1
synthetic_v1_验收把关不严_0008,断路器功能验收仅抽查全量回路，关键见证点缺失,验收把关不严,断路器,一次设备,检修验收,2025-06-06,设备管理部,synthetic_v1
synthetic_v1_标准执行不到位_0027,二次设备专业直流系统双签要求简化处理填报要求，与标准要求存在偏差,标准执行不到位,直流系统,二次设备,日常巡检,2025-01-31,运检一班,synthetic_v1
synthetic_v1_验收把关不严_0180,现场检查发现断路器隐蔽验收未完成复验即必要见证资料，关键见证点缺失,验收把关不严,断路器,一次设备,试验检测,2024-10-18,变电运维站,synthetic_v1
synthetic_v1_记录台账不规范_0012,现场检查发现架空线路原始记录未填写复验结论，台账完整性不足,记录台账不规范,架空线路,输电,日常巡检,2024-08-10,设备检修部,synthetic_v1
synthetic_v1_标准执行不到位_0021,现场检查发现防误闭锁装置双签要求未按审核流程，现场人员解释依据不充分,标准执行不到位,防误闭锁装置,二次设备,联调联试,2024-03-22,运检一班,synthetic_v1
synthetic_v1_标准执行不到位_0077,直流系统管理模板抽检比例低于验收规则，仍按历史经验执行,标准执行不到位,直流系统,二次设备,试验检测,2025-02-24,继保班,synthetic_v1
synthetic_v1_验收把关不严_0042,开关柜投运验收未覆盖全量回路，验收把关流于形式,验收把关不严,开关柜,配电,到货验收,2024-06-22,基建项目部,synthetic_v1
synthetic_v1_验收把关不严_0125,现场检查发现架空线路投运验收未组织关键试验结果，未形成风险复核闭环,验收把关不严,架空线路,输电,缺陷管理,2024-09-19,继保班,synthetic_v1
synthetic_v1_记录台账不规范_0081,接地网在隐蔽验收环节验收问题清单未填写责任人信息，整改闭环信息缺失,记录台账不规范,接地网,土建,隐蔽验收,2025-04-29,运维二班,synthetic_v1
synthetic_v1_验收把关不严_0130,架空线路在缺陷管理环节检修验收未覆盖图纸一致性，仍出具通过意见,验收把关不严,架空线路,输电,缺陷管理,2025-05-29,输电运检室,synthetic_v1
synthetic_v1_标准执行不到位_0002,主变压器现行标准未落实验收规则，现场人员解释依据不充分,标准执行不到位,主变压器,一次设备,大修验收,2024-12-17,运维二班,synthetic_v1
synthetic_v1_试验检测缺失_0103,输电专业架空线路专项复验未覆盖规定项目，与现行标准要求不符,试验检测缺失,架空线路,输电,竣工验收,2025-05-05,设备检修部,synthetic_v1
synthetic_v1_记录台账不规范_0118,防误闭锁装置在改造验收环节异常处置单仅保留结论检查明细，扫描件质量较差,记录台账不规范,防误闭锁装置,二次设备,改造验收,2024-05-02,设备管理部,synthetic_v1
synthetic_v1_试验检测缺失_0036,现场检查发现架空线路专项复验超周期仍未实施关键项目，与现行标准要求不符,试验检测缺失,架空线路,输电,日常巡检,2024-03-03,设备管理部,synthetic_v1
synthetic_v1_记录台账不规范_0031,二次回路原始记录缺少检查明细，扫描件质量较差,记录台账不规范,二次回路,二次设备,现场作业,2024-11-23,配电工程部,synthetic_v1
synthetic_v1_记录台账不规范_0196,投运验收过程中开关柜异常处置单漏填时间戳，不满足留痕管理要求,记录台账不规范,开关柜,配电,投运验收,2024-12-18,营销运维班,synthetic_v1
synthetic_v1_验收把关不严_0099,配电自动化终端在运行维护环节投运验收未组织图纸一致性，验收把关流于形式,验收把关不严,配电自动化终端,配电,运行维护,2024-06-07,设备检修部,synthetic_v1
synthetic_v1_试验检测缺失_0133,现场检查发现电能表核容试验未覆盖高风险回路，导致结果无法满足验收依据,试验检测缺失,电能表,营销,抽检监督,2024-03-17,检修中心,synthetic_v1
synthetic_v1_验收把关不严_0083,电缆线路在试验检测环节联动验收资料未齐套即关键风险点，未形成风险复核闭环,验收把关不严,电缆线路,输电,试验检测,2024-10-20,输电运检室,synthetic_v1
synthetic_v1_试验检测缺失_0171,直流系统在日常巡检环节核容试验漏做全部间隔，且原始记录无说明,试验检测缺失,直流系统,二次设备,日常巡检,2025-02-27,继保班,synthetic_v1
synthetic_v1_试验检测缺失_0199,现场检查发现防误闭锁装置预防性试验漏做重点测点，与现行标准要求不符,试验检测缺失,防误闭锁装置,二次设备,改造验收,2025-01-12,运检一班,synthetic_v1
synthetic_v1_标准执行不到位_0185,断路器双签要求仍沿用抽检口径，导致执行口径不一致,标准执行不到位,断路器,一次设备,检修验收,2024-05-23,试验班,synthetic_v1
synthetic_v1_记录台账不规范_0086,现场检查发现架空线路异常处置单未填写时间戳，台账完整性不足,记录台账不规范,架空线路,输电,缺陷管理,2024-11-02,设备检修部,synthetic_v1
synthetic_v1_标准执行不到位_0111,电能表在计划管理环节判定规则执行频次低于填报要求，导致执行口径不一致,标准执行不到位,电能表,营销,计划管理,2024-11-01,运检一班,synthetic_v1
synthetic_v1_验收把关不严_0196,土建专业接地网联动验收未核对关键风险点，会议纪要未见异议记录,验收把关不严,接地网,土建,整改复验,2025-02-02,检修中心,synthetic_v1
synthetic_v1_试验检测缺失_0083,现场检查发现避雷器交接试验缺少全部间隔，与现行标准要求不符,试验检测缺失,避雷器,一次设备,在线监测,2024-06-05,运检一班,synthetic_v1
synthetic_v1_验收把关不严_0059,配电专业开关柜联动验收资料未齐套即关键风险点，会议纪要未见异议记录,验收把关不严,开关柜,配电,到货验收,2024-08-03,运检一班,synthetic_v1
synthetic_v1_试验检测缺失_0166,现场检查发现电缆线路交接试验仅完成部分必要工况，与现行标准要求不符,试验检测缺失,电缆线路,输电,隐患排查,2025-04-07,运维二班,synthetic_v1
synthetic_v1_标准执行不到位_0019,一次设备专业避雷器现行标准仍沿用巡检周期，与标准要求存在偏差,标准执行不到位,避雷器,一次设备,试验检测,2025-01-18,运维二班,synthetic_v1
synthetic_v1_试验检测缺失_0142,接地网在隐蔽验收环节核容试验未覆盖高风险回路，未见补测安排,试验检测缺失,接地网,土建,隐蔽验收,2024-09-13,营销运维班,synthetic_v1
synthetic_v1_记录台账不规范_0110,电能表巡检台账漏填检查明细，无法支撑后续追溯,记录台账不规范,电能表,营销,轮换验收,2024-11-01,试验班,synthetic_v1
synthetic_v1_记录台账不规范_0129,架空线路在日常巡检环节检测报告缺少时间戳，台账完整性不足,记录台账不规范,架空线路,输电,日常巡检,2024-05-06,检修中心,synthetic_v1
synthetic_v1_标准执行不到位_0040,现场检查发现断路器周期要求简化处理验收规则，与标准要求存在偏差,标准执行不到位,断路器,一次设备,试验检测,2025-01-10,继保班,synthetic_v1
synthetic_v1_记录台账不规范_0155,二次回路在现场作业环节操作记录缺少检查明细，不满足留痕管理要求,记录台账不规范,二次回路,二次设备,现场作业,2025-04-10,继保班,synthetic_v1
synthetic_v1_记录台账不规范_0108,现场检查发现直流系统检测报告时间不一致关键字段，不满足留痕管理要求,记录台账不规范,直流系统,二次设备,试验检测,2024-01-08,运维二班,synthetic_v1
synthetic_v1_验收把关不严_0138,缺陷管理过程中架空线路检修验收未核对必要见证资料，会议纪要未见异议记录,验收把关不严,架空线路,输电,缺陷管理,2024-02-15,设备检修部,synthetic_v1
synthetic_v1_试验检测缺失_0057,架空线路在竣工验收环节状态检测未覆盖必要工况，与现行标准要求不符,试验检测缺失,架空线路,输电,竣工验收,2024-11-17,输电运检室,synthetic_v1
synthetic_v1_试验检测缺失_0095,配电自动化终端耐压试验超周期仍未实施全部间隔，且原始记录无说明,试验检测缺失,配电自动化终端,配电,到货验收,2025-05-02,营销运维班,synthetic_v1
synthetic_v1_验收把关不严_0179,断路器在试验检测环节投运验收未组织关键风险点，仍出具通过意见,验收把关不严,断路器,一次设备,试验检测,2024-11-01,变电运维站,synthetic_v1
synthetic_v1_记录台账不规范_0167,电缆线路在隐患排查环节原始记录仅保留结论关键字段，不满足留痕管理要求,记录台账不规范,电缆线路,输电,隐患排查,2024-11-26,营销运维班,synthetic_v1
synthetic_v1_验收把关不严_0163,现场检查发现直流系统工程验收未覆盖专项复验，关键见证点缺失,验收把关不严,直流系统,二次设备,运维监督,2025-01-24,基建项目部,synthetic_v1
synthetic_v1_记录台账不规范_0054,试验检测过程中GIS设备巡检台账未签字确认时间戳，不满足留痕管理要求,记录台账不规范,GIS设备,一次设备,试验检测,2024-05-20,配电工程部,synthetic_v1
synthetic_v1_试验检测缺失_0045,现场检查发现断路器专项复验超周期仍未实施规定项目，导致结果无法满足验收依据,试验检测缺失,断路器,一次设备,检修验收,2024-08-03,试验班,synthetic_v1
synthetic_v1_试验检测缺失_0062,输电专业架空线路核容试验仅完成部分关键项目，导致结果无法满足验收依据,试验检测缺失,架空线路,输电,日常巡检,2025-02-19,试验班,synthetic_v1
synthetic_v1_验收把关不严_0018,接地网在现场检查环节投运验收未覆盖专项复验，未形成风险复核闭环,验收把关不严,接地网,土建,现场检查,2024-12-04,配电工程部,synthetic_v1
synthetic_v1_标准执行不到位_0177,主变压器作业流程执行频次低于抽检口径，仍按历史经验执行,标准执行不到位,主变压器,一次设备,状态监测,2024-07-21,基建项目部,synthetic_v1
synthetic_v1_验收把关不严_0001,接地网在隐蔽验收环节联动验收未完成复验即全量回路，会议纪要未见异议记录,验收把关不严,接地网,土建,隐蔽验收,2024-06-05,营销运维班,synthetic_v1
synthetic_v1_验收把关不严_0023,断路器在缺陷处理环节检修验收未组织必要见证资料，会议纪要未见异议记录,验收把关不严,断路器,一次设备,缺陷处理,2025-06-07,检修中心,synthetic_v1
synthetic_v1_记录台账不规范_0032,电缆线路操作记录漏填处理依据，整改闭环信息缺失,记录台账不规范,电缆线路,输电,隐患排查,2024-07-02,运检一班,synthetic_v1
synthetic_v1_验收把关不严_0193,现场检查发现断路器功能验收资料未齐套即必要见证资料，仍出具通过意见,验收把关不严,断路器,一次设备,缺陷处理,2024-12-09,设备检修部,synthetic_v1
synthetic_v1_验收把关不严_0182,配电自动化终端投运验收资料未齐套即专项复验，关键见证点缺失,验收把关不严,配电自动化终端,配电,功能验收,2025-01-12,输电运检室,synthetic_v1
synthetic_v1_验收把关不严_0100,设备检修过程中GIS设备投运验收未覆盖关键风险点，会议纪要未见异议记录,验收把关不严,GIS设备,一次设备,设备检修,2024-12-12,基建项目部,synthetic_v1
synthetic_v1_试验检测缺失_0013,日常巡检过程中架空线路功能校验超周期仍未实施全部间隔，且原始记录无说明,试验检测缺失,架空线路,输电,日常巡检,2024-08-05,输电运检室,synthetic_v1
synthetic_v1_试验检测缺失_0018,配电自动化终端功能校验漏做规定项目，且原始记录无说明,试验检测缺失,配电自动化终端,配电,运行维护,2024-04-24,输电运检室,synthetic_v1
synthetic_v1_试验检测缺失_0099,一次设备专业GIS设备交接试验缺少重点测点，且原始记录无说明,试验检测缺失,GIS设备,一次设备,设备检修,2024-07-08,设备管理部,synthetic_v1
synthetic_v1_记录台账不规范_0161,现场检查发现断路器异常处置单时间不一致检查明细，整改闭环信息缺失,记录台账不规范,断路器,一次设备,检修验收,2024-02-19,运检一班,synthetic_v1
synthetic_v1_记录台账不规范_0194,接地网操作记录未填写检查明细，无法支撑后续追溯,记录台账不规范,接地网,土建,现场检查,2025-01-17,试验班,synthetic_v1
synthetic_v1_记录台账不规范_0183,防误闭锁装置检测报告未填写关键字段，整改闭环信息缺失,记录台账不规范,防误闭锁装置,二次设备,改造验收,2024-09-06,变电运维站,synthetic_v1
synthetic_v1_试验检测缺失_0180,架空线路耐压试验缺少重点测点，与现行标准要求不符,试验检测缺失,架空线路,输电,日常巡检,2024-03-12,配电工程部,synthetic_v1
synthetic_v1_验收把关不严_0135,输电专业架空线路投运验收未核对全量回路，未形成风险复核闭环,验收把关不严,架空线路,输电,日常巡检,2024-09-09,设备管理部,synthetic_v1
synthetic_v1_试验检测缺失_0054,电能表在轮换验收环节交接试验缺少关键项目，未见补测安排,试验检测缺失,电能表,营销,轮换验收,2024-11-08,输电运检室,synthetic_v1
synthetic_v1_标准执行不到位_0069,电缆线路作业流程抽检比例低于抽检口径，导致执行口径不一致,标准执行不到位,电缆线路,输电,检修验收,2024-07-22,检修中心,synthetic_v1
synthetic_v1_记录台账不规范_0200,现场检查发现继电保护装置异常处置单缺少责任人信息，扫描件质量较差,记录台账不规范,继电保护装置,二次设备,运行操作,2024-07-17,运维二班,synthetic_v1
synthetic_v1_验收把关不严_0003,营销专业电能表功能验收资料未齐套即专项复验，会议纪要未见异议记录,验收把关不严,电能表,营销,轮换验收,2024-12-05,检修中心,synthetic_v1
synthetic_v1_标准执行不到位_0188,现场检查发现GIS设备现行标准简化处理巡检周期，现场人员解释依据不充分,标准执行不到位,GIS设备,一次设备,设备检修,2024-08-13,运检一班,synthetic_v1
synthetic_v1_记录台账不规范_0130,接地网原始记录时间不一致时间戳，台账完整性不足,记录台账不规范,接地网,土建,隐蔽验收,2024-02-19,设备管理部,synthetic_v1
synthetic_v1_验收把关不严_0190,配电自动化终端联动验收未完成复验即全量回路，仍出具通过意见,验收把关不严,配电自动化终端,配电,到货验收,2024-11-03,试验班,synthetic_v1
synthetic_v1_验收把关不严_0079,接地网在隐蔽验收环节联动验收资料未齐套即全量回路，关键见证点缺失,验收把关不严,接地网,土建,隐蔽验收,2025-05-02,输电运检室,synthetic_v1
synthetic_v1_试验检测缺失_0006,电能表耐压试验未开展全部间隔，现场未提供替代依据,试验检测缺失,电能表,营销,轮换验收,2024-09-27,基建项目部,synthetic_v1
synthetic_v1_验收把关不严_0158,输电专业架空线路检修验收未完成复验即图纸一致性，仍出具通过意见,验收把关不严,架空线路,输电,日常巡检,2024-08-24,基建项目部,synthetic_v1
synthetic_v1_试验检测缺失_0161,功能验收过程中配电自动化终端交接试验仅完成部分关键项目，现场未提供替代依据,试验检测缺失,配电自动化终端,配电,功能验收,2024-05-08,继保班,synthetic_v1
synthetic_v1_记录台账不规范_0039,现场检查发现架空线路异常处置单仅保留结论处理依据，不满足留痕管理要求,记录台账不规范,架空线路,输电,缺陷管理,2024-05-16,设备管理部,synthetic_v1
synthetic_v1_标准执行不到位_0154,主变压器作业流程抽检比例低于巡检周期，仍按历史经验执行,标准执行不到位,主变压器,一次设备,试验检测,2024-04-05,输电运检室,synthetic_v1
synthetic_v1_验收把关不严_0136,土建专业接地网功能验收未覆盖专项复验，会议纪要未见异议记录,验收把关不严,接地网,土建,整改复验,2024-04-25,运维二班,synthetic_v1
synthetic_v1_试验检测缺失_0173,土建专业接地网预防性试验未开展全部间隔，与现行标准要求不符,试验检测缺失,接地网,土建,隐蔽验收,2024-04-03,运维二班,synthetic_v1
synthetic_v1_标准执行不到位_0067,现场检查发现架空线路双签要求抽检比例低于实施步骤，仍按历史经验执行,标准执行不到位,架空线路,输电,日常巡检,2025-01-06,继保班,synthetic_v1
synthetic_v1_验收把关不严_0030,现场检查发现直流系统隐蔽验收未覆盖关键风险点，关键见证点缺失,验收把关不严,直流系统,二次设备,日常巡检,2024-01-06,继保班,synthetic_v1
synthetic_v1_记录台账不规范_0191,GIS设备原始记录仅保留结论关键字段，不满足留痕管理要求,记录台账不规范,GIS设备,一次设备,设备检修,2024-02-16,基建项目部,synthetic_v1
synthetic_v1_标准执行不到位_0145,现场检查发现配电自动化终端最新标准条款简化处理验收规则，现场人员解释依据不充分,标准执行不到位,配电自动化终端,配电,运行维护,2024-03-19,配电工程部,synthetic_v1
synthetic_v1_试验检测缺失_0124,电缆线路在检修验收环节功能校验未开展关键项目，未见补测安排,试验检测缺失,电缆线路,输电,检修验收,2024-08-18,运维二班,synthetic_v1
synthetic_v1_标准执行不到位_0146,电能表管理模板执行频次低于填报要求，现场人员解释依据不充分,标准执行不到位,电能表,营销,轮换验收,2024-12-05,变电运维站,synthetic_v1
synthetic_v1_标准执行不到位_0037,继电保护装置在工程验收环节判定规则仍沿用抽检口径，相关班组未完成切换宣贯,标准执行不到位,继电保护装置,二次设备,工程验收,2025-03-12,基建项目部,synthetic_v1
synthetic_v1_验收把关不严_0004,联调联试过程中防误闭锁装置联动验收未覆盖关键风险点，会议纪要未见异议记录,验收把关不严,防误闭锁装置,二次设备,联调联试,2024-06-28,运维二班,synthetic_v1
synthetic_v1_标准执行不到位_0100,现场检查发现防误闭锁装置判定规则执行频次低于验收规则，仍按历史经验执行,标准执行不到位,防误闭锁装置,二次设备,改造验收,2025-01-17,设备检修部,synthetic_v1
synthetic_v1_验收把关不严_0020,缺陷管理过程中架空线路联动验收仅抽查图纸一致性，仍出具通过意见,验收把关不严,架空线路,输电,缺陷管理,2025-06-08,检修中心,synthetic_v1
synthetic_v1_验收把关不严_0047,继电保护装置在工程验收环节联动验收未组织关键试验结果，会议纪要未见异议记录,验收把关不严,继电保护装置,二次设备,工程验收,2025-06-09,运维二班,synthetic_v1
synthetic_v1_试验检测缺失_0051,架空线路核容试验缺少规定项目，且原始记录无说明,试验检测缺失,架空线路,输电,日常巡检,2024-08-30,检修中心,synthetic_v1
synthetic_v1_试验检测缺失_0137,二次设备专业防误闭锁装置预防性试验未开展高风险回路，与现行标准要求不符,试验检测缺失,防误闭锁装置,二次设备,改造验收,2024-11-02,营销运维班,synthetic_v1
synthetic_v1_试验检测缺失_0139,现场检查发现断路器耐压试验仅完成部分规定项目，且原始记录无说明,试验检测缺失,断路器,一次设备,试验检测,2025-01-26,运维二班,synthetic_v1
synthetic_v1_试验检测缺失_0172,到货验收过程中开关柜耐压试验漏做高风险回路，导致结果无法满足验收依据,试验检测缺失,开关柜,配电,到货验收,2025-03-13,输电运检室,synthetic_v1
synthetic_v1_记录台账不规范_0153,现场检查发现开关柜异常处置单未签字确认处理依据，不满足留痕管理要求,记录台账不规范,开关柜,配电,投运验收,2024-04-15,运检一班,synthetic_v1
synthetic_v1_验收把关不严_0200,现场检查发现避雷器工程验收未组织图纸一致性，仍出具通过意见,验收把关不严,避雷器,一次设备,试验检测,2025-06-20,设备检修部,synthetic_v1
synthetic_v1_标准执行不到位_0113,到货验收过程中开关柜管理模板抽检比例低于实施步骤，现场人员解释依据不充分,标准执行不到位,开关柜,配电,到货验收,2025-03-05,运检一班,synthetic_v1
synthetic_v1_标准执行不到位_0022,配电专业开关柜管理模板未按巡检周期，现场人员解释依据不充分,标准执行不到位,开关柜,配电,投运验收,2025-03-09,设备管理部,synthetic_v1
synthetic_v1_试验检测缺失_0182,继电保护装置交接试验未开展规定项目，现场未提供替代依据,试验检测缺失,继电保护装置,二次设备,运行操作,2024-03-27,输电运检室,synthetic_v1
synthetic_v1_记录台账不规范_0019,避雷器在在线监测环节验收问题清单时间不一致时间戳，不满足留痕管理要求,记录台账不规范,避雷器,一次设备,在线监测,2025-02-11,运检一班,synthetic_v1
synthetic_v1_标准执行不到位_0199,电缆线路周期要求执行频次低于巡检周期，导致执行口径不一致,标准执行不到位,电缆线路,输电,隐患排查,2025-01-12,试验班,synthetic_v1
synthetic_v1_试验检测缺失_0050,二次回路在现场作业环节预防性试验超周期仍未实施高风险回路，现场未提供替代依据,试验检测缺失,二次回路,二次设备,现场作业,2024-09-12,变电运维站,synthetic_v1
synthetic_v1_试验检测缺失_0022,异常处置过程中避雷器功能校验超周期仍未实施关键项目，现场未提供替代依据,试验检测缺失,避雷器,一次设备,异常处置,2024-03-28,运维二班,synthetic_v1
synthetic_v1_标准执行不到位_0196,功能验收过程中配电自动化终端最新标准条款未落实填报要求，现场人员解释依据不充分,标准执行不到位,配电自动化终端,配电,功能验收,2024-10-10,运检一班,synthetic_v1
synthetic_v1_标准执行不到位_0190,继电保护装置在运行操作环节周期要求未落实验收规则，现场人员解释依据不充分,标准执行不到位,继电保护装置,二次设备,运行操作,2024-02-12,输电运检室,synthetic_v1
synthetic_v1_验收把关不严_0159,设备检修过程中GIS设备联动验收未完成复验即专项复验，会议纪要未见异议记录,验收把关不严,GIS设备,一次设备,设备检修,2024-05-17,设备检修部,synthetic_v1
synthetic_v1_标准执行不到位_0148,架空线路在日常巡检环节现行标准简化处理填报要求，相关班组未完成切换宣贯,标准执行不到位,架空线路,输电,日常巡检,2025-02-10,基建项目部,synthetic_v1
synthetic_v1_试验检测缺失_0196,配电专业配电自动化终端状态检测超周期仍未实施重点测点，现场未提供替代依据,试验检测缺失,配电自动化终端,配电,运行维护,2025-04-04,基建项目部,synthetic_v1
synthetic_v1_验收把关不严_0095,接地网工程验收未覆盖全量回路，验收把关流于形式,验收把关不严,接地网,土建,现场检查,2025-02-02,设备检修部,synthetic_v1
synthetic_v1_验收把关不严_0150,运维监督过程中直流系统检修验收未核对全量回路，未形成风险复核闭环,验收把关不严,直流系统,二次设备,运维监督,2024-10-13,设备管理部,synthetic_v1
synthetic_v1_试验检测缺失_0007,运维监督过程中直流系统状态检测超周期仍未实施高风险回路，现场未提供替代依据,试验检测缺失,直流系统,二次设备,运维监督,2024-10-27,设备管理部,synthetic_v1
synthetic_v1_验收把关不严_0016,现场检查发现架空线路检修验收资料未齐套即图纸一致性，仍出具通过意见,验收把关不严,架空线路,输电,缺陷管理,2024-05-22,设备管理部,synthetic_v1
synthetic_v1_标准执行不到位_0072,二次回路作业流程未落实巡检周期，仍按历史经验执行,标准执行不到位,二次回路,二次设备,运行维护,2025-05-16,设备管理部,synthetic_v1
synthetic_v1_记录台账不规范_0033,二次设备专业防误闭锁装置操作记录未填写责任人信息，台账完整性不足,记录台账不规范,防误闭锁装置,二次设备,运行维护,2024-12-01,试验班,synthetic_v1
synthetic_v1_验收把关不严_0105,营销专业电能表检修验收未完成复验即专项复验，会议纪要未见异议记录,验收把关不严,电能表,营销,抽检监督,2024-03-11,检修中心,synthetic_v1
synthetic_v1_记录台账不规范_0117,电能表操作记录仅保留结论检查明细，不满足留痕管理要求,记录台账不规范,电能表,营销,计划管理,2024-02-24,设备检修部,synthetic_v1
synthetic_v1_试验检测缺失_0200,架空线路在日常巡检环节状态检测仅完成部分重点测点，与现行标准要求不符,试验检测缺失,架空线路,输电,日常巡检,2025-04-18,配电工程部,synthetic_v1
synthetic_v1_标准执行不到位_0162,配电自动化终端管理模板简化处理抽检口径，相关班组未完成切换宣贯,标准执行不到位,配电自动化终端,配电,到货验收,2025-01-20,输电运检室,synthetic_v1
synthetic_v1_标准执行不到位_0150,设备检修过程中GIS设备现行标准未落实实施步骤，相关班组未完成切换宣贯,标准执行不到位,GIS设备,一次设备,设备检修,2024-09-09,试验班,synthetic_v1
synthetic_v1_试验检测缺失_0195,断路器在缺陷处理环节核容试验缺少重点测点，且原始记录无说明,试验检测缺失,断路器,一次设备,缺陷处理,2024-03-18,检修中心,synthetic_v1
synthetic_v1_试验检测缺失_0120,GIS设备在试验检测环节核容试验超周期仍未实施必要工况，且原始记录无说明,试验检测缺失,GIS设备,一次设备,试验检测,2024-01-02,设备管理部,synthetic_v1
synthetic_v1_标准执行不到位_0073,现场检查发现二次回路作业流程执行频次低于巡检周期，与标准要求存在偏差,标准执行不到位,二次回路,二次设备,技改验收,2024-04-22,变电运维站,synthetic_v1
synthetic_v1_记录台账不规范_0027,GIS设备异常处置单未签字确认检查明细，扫描件质量较差,记录台账不规范,GIS设备,一次设备,试验检测,2024-03-19,营销运维班,synthetic_v1
synthetic_v1_标准执行不到位_0183,检修验收过程中断路器周期要求抽检比例低于抽检口径，导致执行口径不一致,标准执行不到位,断路器,一次设备,检修验收,2024-05-24,营销运维班,synthetic_v1
synthetic_v1_记录台账不规范_0178,断路器在检修验收环节操作记录仅保留结论时间戳，扫描件质量较差,记录台账不规范,断路器,一次设备,检修验收,2024-02-22,基建项目部,synthetic_v1
synthetic_v1_试验检测缺失_0155,现场检查发现断路器预防性试验未覆盖关键项目，未见补测安排,试验检测缺失,断路器,一次设备,试验检测,2024-11-07,运检一班,synthetic_v1
synthetic_v1_标准执行不到位_0044,交接验收过程中开关柜周期要求未落实审核流程，与标准要求存在偏差,标准执行不到位,开关柜,配电,交接验收,2024-10-19,继保班,synthetic_v1
synthetic_v1_标准执行不到位_0005,试验检测过程中GIS设备双签要求简化处理填报要求，导致执行口径不一致,标准执行不到位,GIS设备,一次设备,试验检测,2025-01-30,运维二班,synthetic_v1
synthetic_v1_验收把关不严_0096,投运验收过程中开关柜功能验收未组织必要见证资料，会议纪要未见异议记录,验收把关不严,开关柜,配电,投运验收,2024-05-05,设备管理部,synthetic_v1
synthetic_v1_记录台账不规范_0018,土建专业接地网操作记录未填写处理依据，台账完整性不足,记录台账不规范,接地网,土建,现场检查,2024-03-15,设备检修部,synthetic_v1
synthetic_v1_验收把关不严_0103,定期检验过程中继电保护装置工程验收未完成复验即关键试验结果，未形成风险复核闭环,验收把关不严,继电保护装置,二次设备,定期检验,2025-03-24,设备检修部,synthetic_v1
synthetic_v1_试验检测缺失_0060,二次设备专业二次回路专项复验仅完成部分重点测点，且原始记录无说明,试验检测缺失,二次回路,二次设备,运行维护,2024-11-03,运维二班,synthetic_v1
synthetic_v1_标准执行不到位_0187,隐蔽验收过程中接地网判定规则执行频次低于抽检口径，仍按历史经验执行,标准执行不到位,接地网,土建,隐蔽验收,2025-05-18,配电工程部,synthetic_v1
synthetic_v1_验收把关不严_0199,到货验收过程中配电自动化终端投运验收未完成复验即专项复验，关键见证点缺失,验收把关不严,配电自动化终端,配电,到货验收,2025-03-30,运维二班,synthetic_v1
synthetic_v1_验收把关不严_0171,开关柜隐蔽验收仅抽查专项复验，会议纪要未见异议记录,验收把关不严,开关柜,配电,投运验收,2024-04-03,运维二班,synthetic_v1
synthetic_v1_试验检测缺失_0028,试验检测过程中电缆线路核容试验缺少全部间隔，且原始记录无说明,试验检测缺失,电缆线路,输电,试验检测,2025-04-29,营销运维班,synthetic_v1
synthetic_v1_试验检测缺失_0177,计划管理过程中电能表核容试验未开展高风险回路，现场未提供替代依据,试验检测缺失,电能表,营销,计划管理,2025-01-11,输电运检室,synthetic_v1
synthetic_v1_记录台账不规范_0105,隐蔽验收过程中接地网原始记录仅保留结论责任人信息，无法支撑后续追溯,记录台账不规范,接地网,土建,隐蔽验收,2024-01-21,设备管理部,synthetic_v1
synthetic_v1_验收把关不严_0054,现场检查发现电能表投运验收仅抽查关键风险点，未形成风险复核闭环,验收把关不严,电能表,营销,抽检监督,2024-06-08,输电运检室,synthetic_v1
synthetic_v1_试验检测缺失_0108,到货验收过程中配电自动化终端耐压试验漏做关键项目，未见补测安排,试验检测缺失,配电自动化终端,配电,到货验收,2024-08-04,变电运维站,synthetic_v1
synthetic_v1_记录台账不规范_0097,继电保护装置在运行操作环节异常处置单漏填复验结论，整改闭环信息缺失,记录台账不规范,继电保护装置,二次设备,运行操作,2024-04-01,配电工程部,synthetic_v1
synthetic_v1_验收把关不严_0147,试验检测过程中断路器隐蔽验收未完成复验即关键风险点，仍出具通过意见,验收把关不严,断路器,一次设备,试验检测,2025-04-13,设备管理部,synthetic_v1
synthetic_v1_标准执行不到位_0172,现场检查发现电能表双签要求简化处理抽检口径，现场人员解释依据不充分,标准执行不到位,电能表,营销,抽检监督,2024-12-22,检修中心,synthetic_v1
synthetic_v1_标准执行不到位_0026,电缆线路作业流程抽检比例低于验收规则，导致执行口径不一致,标准执行不到位,电缆线路,输电,检修验收,2025-06-22,运维二班,synthetic_v1
synthetic_v1_验收把关不严_0110,电能表投运验收未核对专项复验，验收把关流于形式,验收把关不严,电能表,营销,计划管理,2024-02-02,检修中心,synthetic_v1
synthetic_v1_试验检测缺失_0122,避雷器功能校验漏做重点测点，且原始记录无说明,试验检测缺失,避雷器,一次设备,试验检测,2024-05-14,设备管理部,synthetic_v1
synthetic_v1_试验检测缺失_0197,营销专业电能表预防性试验未覆盖全部间隔，且原始记录无说明,试验检测缺失,电能表,营销,抽检监督,2024-06-03,输电运检室,synthetic_v1
synthetic_v1_标准执行不到位_0195,运行维护过程中二次回路双签要求抽检比例低于验收规则，与标准要求存在偏差,标准执行不到位,二次回路,二次设备,运行维护,2024-10-23,试验班,synthetic_v1
synthetic_v1_验收把关不严_0151,GIS设备在设备检修环节联动验收未覆盖必要见证资料，验收把关流于形式,验收把关不严,GIS设备,一次设备,设备检修,2025-06-17,配电工程部,synthetic_v1
synthetic_v1_标准执行不到位_0186,现场检查发现电能表最新标准条款仍沿用抽检口径，导致执行口径不一致,标准执行不到位,电能表,营销,轮换验收,2025-05-11,运检一班,synthetic_v1
synthetic_v1_标准执行不到位_0054,现场检查发现接地网判定规则抽检比例低于审核流程，导致执行口径不一致,标准执行不到位,接地网,土建,隐蔽验收,2024-04-05,基建项目部,synthetic_v1
synthetic_v1_记录台账不规范_0029,避雷器在异常处置环节原始记录未填写复验结论，台账完整性不足,记录台账不规范,避雷器,一次设备,异常处置,2024-01-03,设备管理部,synthetic_v1
synthetic_v1_试验检测缺失_0079,电缆线路在试验检测环节耐压试验未开展全部间隔，未见补测安排,试验检测缺失,电缆线路,输电,试验检测,2024-01-28,配电工程部,synthetic_v1
synthetic_v1_记录台账不规范_0132,二次设备专业防误闭锁装置检测报告仅保留结论时间戳，台账完整性不足,记录台账不规范,防误闭锁装置,二次设备,联调联试,2024-07-29,检修中心,synthetic_v1
synthetic_v1_标准执行不到位_0105,一次设备专业断路器现行标准抽检比例低于验收规则，仍按历史经验执行,标准执行不到位,断路器,一次设备,缺陷处理,2025-04-12,配电工程部,synthetic_v1
synthetic_v1_试验检测缺失_0075,主变压器在试验检测环节耐压试验仅完成部分关键项目，现场未提供替代依据,试验检测缺失,主变压器,一次设备,试验检测,2025-02-02,配电工程部,synthetic_v1
synthetic_v1_试验检测缺失_0044,现场检查发现接地网专项复验缺少关键项目，与现行标准要求不符,试验检测缺失,接地网,土建,整改复验,2024-04-16,试验班,synthetic_v1
synthetic_v1_验收把关不严_0140,电能表在轮换验收环节投运验收未覆盖全量回路，未形成风险复核闭环,验收把关不严,电能表,营销,轮换验收,2024-12-17,运检一班,synthetic_v1
synthetic_v1_记录台账不规范_0157,二次回路操作记录时间不一致关键字段，台账完整性不足,记录台账不规范,二次回路,二次设备,技改验收,2024-10-25,变电运维站,synthetic_v1
synthetic_v1_标准执行不到位_0071,现场检查发现电缆线路周期要求仍沿用验收规则，相关班组未完成切换宣贯,标准执行不到位,电缆线路,输电,试验检测,2024-11-22,输电运检室,synthetic_v1
synthetic_v1_记录台账不规范_0010,现场检查发现直流系统操作记录未填写检查明细，台账完整性不足,记录台账不规范,直流系统,二次设备,运维监督,2024-05-26,变电运维站,synthetic_v1
synthetic_v1_验收把关不严_0017,接地网检修验收未核对全量回路，关键见证点缺失,验收把关不严,接地网,土建,隐蔽验收,2024-06-02,继保班,synthetic_v1
synthetic_v1_记录台账不规范_0072,开关柜在到货验收环节检测报告未签字确认责任人信息，无法支撑后续追溯,记录台账不规范,开关柜,配电,到货验收,2025-01-30,运检一班,synthetic_v1
synthetic_v1_验收把关不严_0162,GIS设备在交接验收环节工程验收未覆盖专项复验，验收把关流于形式,验收把关不严,GIS设备,一次设备,交接验收,2025-05-16,设备检修部,synthetic_v1
synthetic_v1_验收把关不严_0149,土建专业接地网联动验收未核对全量回路，仍出具通过意见,验收把关不严,接地网,土建,隐蔽验收,2024-11-05,输电运检室,synthetic_v1
synthetic_v1_记录台账不规范_0001,配电专业配电自动化终端巡检台账未签字确认责任人信息，扫描件质量较差,记录台账不规范,配电自动化终端,配电,运行维护,2024-08-11,配电工程部,synthetic_v1
synthetic_v1_验收把关不严_0031,GIS设备在设备检修环节检修验收未覆盖必要见证资料，会议纪要未见异议记录,验收把关不严,GIS设备,一次设备,设备检修,2025-01-19,运检一班,synthetic_v1
synthetic_v1_记录台账不规范_0053,架空线路异常处置单未签字确认检查明细，整改闭环信息缺失,记录台账不规范,架空线路,输电,日常巡检,2024-10-29,继保班,synthetic_v1
synthetic_v1_记录台账不规范_0193,二次设备专业防误闭锁装置检测报告漏填责任人信息，不满足留痕管理要求,记录台账不规范,防误闭锁装置,二次设备,改造验收,2024-08-13,设备管理部,synthetic_v1
synthetic_v1_试验检测缺失_0190,二次设备专业直流系统预防性试验漏做全部间隔，与现行标准要求不符,试验检测缺失,直流系统,二次设备,试验检测,2025-03-03,配电工程部,synthetic_v1
synthetic_v1_标准执行不到位_0029,开关柜在交接验收环节作业流程简化处理巡检周期，现场人员解释依据不充分,标准执行不到位,开关柜,配电,交接验收,2024-02-15,检修中心,synthetic_v1
synthetic_v1_标准执行不到位_0138,一次设备专业GIS设备最新标准条款仍沿用验收规则，导致执行口径不一致,标准执行不到位,GIS设备,一次设备,交接验收,2024-06-01,设备管理部,synthetic_v1
synthetic_v1_试验检测缺失_0078,现场检查发现直流系统交接试验超周期仍未实施全部间隔，未见补测安排,试验检测缺失,直流系统,二次设备,日常巡检,2025-02-18,变电运维站,synthetic_v1
synthetic_v1_验收把关不严_0072,营销专业电能表检修验收未组织全量回路，会议纪要未见异议记录,验收把关不严,电能表,营销,计划管理,2024-06-14,运维二班,synthetic_v1
synthetic_v1_标准执行不到位_0103,电缆线路双签要求仍沿用验收规则，仍按历史经验执行,标准执行不到位,电缆线路,输电,试验检测,2024-06-02,基建项目部,synthetic_v1
synthetic_v1_验收把关不严_0185,现场检查发现GIS设备联动验收资料未齐套即全量回路，会议纪要未见异议记录,验收把关不严,GIS设备,一次设备,试验检测,2024-10-21,营销运维班,synthetic_v1
synthetic_v1_验收把关不严_0063,计划管理过程中电能表联动验收未核对专项复验，未形成风险复核闭环,验收把关不严,电能表,营销,计划管理,2024-10-03,营销运维班,synthetic_v1
synthetic_v1_试验检测缺失_0058,现场检查发现架空线路功能校验超周期仍未实施关键项目，现场未提供替代依据,试验检测缺失,架空线路,输电,缺陷管理,2024-02-15,试验班,synthetic_v1
synthetic_v1_标准执行不到位_0180,现场检查发现接地网周期要求抽检比例低于验收规则，仍按历史经验执行,标准执行不到位,接地网,土建,隐蔽验收,2024-11-16,设备管理部,synthetic_v1
synthetic_v1_记录台账不规范_0137,试验检测过程中主变压器操作记录未填写时间戳，整改闭环信息缺失,记录台账不规范,主变压器,一次设备,试验检测,2024-04-01,变电运维站,synthetic_v1
synthetic_v1_试验检测缺失_0132,电能表在计划管理环节功能校验仅完成部分关键项目，未见补测安排,试验检测缺失,电能表,营销,计划管理,2024-04-12,设备检修部,synthetic_v1
synthetic_v1_记录台账不规范_0040,主变压器在大修验收环节验收问题清单漏填关键字段，扫描件质量较差,记录台账不规范,主变压器,一次设备,大修验收,2024-05-13,变电运维站,synthetic_v1
synthetic_v1_记录台账不规范_0151,主变压器在状态监测环节巡检台账未签字确认处理依据，整改闭环信息缺失,记录台账不规范,主变压器,一次设备,状态监测,2025-01-22,继保班,synthetic_v1
synthetic_v1_试验检测缺失_0144,现场检查发现开关柜预防性试验漏做必要工况，与现行标准要求不符,试验检测缺失,开关柜,配电,交接验收,2025-02-09,运检一班,synthetic_v1
synthetic_v1_验收把关不严_0027,现场检查发现电缆线路功能验收未完成复验即全量回路，仍出具通过意见,验收把关不严,电缆线路,输电,试验检测,2025-03-17,变电运维站,synthetic_v1
synthetic_v1_验收把关不严_0050,功能验收过程中配电自动化终端联动验收未完成复验即关键风险点，会议纪要未见异议记录,验收把关不严,配电自动化终端,配电,功能验收,2024-12-27,配电工程部,synthetic_v1
synthetic_v1_试验检测缺失_0130,直流系统在运维监督环节耐压试验漏做全部间隔，且原始记录无说明,试验检测缺失,直流系统,二次设备,运维监督,2024-02-14,配电工程部,synthetic_v1
synthetic_v1_记录台账不规范_0168,架空线路在日常巡检环节检测报告仅保留结论检查明细，扫描件质量较差,记录台账不规范,架空线路,输电,日常巡检,2025-03-03,变电运维站,synthetic_v1
synthetic_v1_记录台账不规范_0089,电能表在抽检监督环节检测报告缺少处理依据，台账完整性不足,记录台账不规范,电能表,营销,抽检监督,2024-09-21,检修中心,synthetic_v1
synthetic_v1_记录台账不规范_0148,试验检测过程中直流系统验收问题清单未签字确认时间戳，整改闭环信息缺失,记录台账不规范,直流系统,二次设备,试验检测,2024-09-11,营销运维班,synthetic_v1
synthetic_v1_试验检测缺失_0040,二次设备专业二次回路专项复验缺少全部间隔，未见补测安排,试验检测缺失,二次回路,二次设备,技改验收,2024-11-17,继保班,synthetic_v1
synthetic_v1_标准执行不到位_0059,一次设备专业避雷器管理模板简化处理填报要求，相关班组未完成切换宣贯,标准执行不到位,避雷器,一次设备,试验检测,2024-05-27,基建项目部,synthetic_v1
synthetic_v1_试验检测缺失_0065,GIS设备核容试验缺少规定项目，未见补测安排,试验检测缺失,GIS设备,一次设备,交接验收,2024-11-13,变电运维站,synthetic_v1
synthetic_v1_试验检测缺失_0043,继电保护装置核容试验仅完成部分重点测点，现场未提供替代依据,试验检测缺失,继电保护装置,二次设备,定期检验,2024-11-05,设备检修部,synthetic_v1
synthetic_v1_标准执行不到位_0049,继电保护装置周期要求抽检比例低于抽检口径，导致执行口径不一致,标准执行不到位,继电保护装置,二次设备,工程验收,2025-05-05,营销运维班,synthetic_v1
synthetic_v1_试验检测缺失_0147,配电专业配电自动化终端交接试验超周期仍未实施关键项目，导致结果无法满足验收依据,试验检测缺失,配电自动化终端,配电,功能验收,2025-01-08,运检一班,synthetic_v1
synthetic_v1_试验检测缺失_0014,继电保护装置在定期检验环节状态检测超周期仍未实施全部间隔，现场未提供替代依据,试验检测缺失,继电保护装置,二次设备,定期检验,2024-09-26,继保班,synthetic_v1
synthetic_v1_记录台账不规范_0115,投运验收过程中开关柜原始记录仅保留结论复验结论，扫描件质量较差,记录台账不规范,开关柜,配电,投运验收,2024-12-09,检修中心,synthetic_v1
synthetic_v1_验收把关不严_0153,试验检测过程中断路器联动验收未完成复验即必要见证资料，验收把关流于形式,验收把关不严,断路器,一次设备,试验检测,2024-05-21,变电运维站,synthetic_v1
synthetic_v1_记录台账不规范_0015,隐患排查过程中电缆线路异常处置单仅保留结论关键字段，台账完整性不足,记录台账不规范,电缆线路,输电,隐患排查,2024-07-12,设备管理部,synthetic_v1
synthetic_v1_试验检测缺失_0150,现场检查发现防误闭锁装置耐压试验超周期仍未实施重点测点，且原始记录无说明,试验检测缺失,防误闭锁装置,二次设备,改造验收,2024-08-19,检修中心,synthetic_v1
synthetic_v1_标准执行不到位_0137,隐患排查过程中电缆线路作业流程未按填报要求，仍按历史经验执行,标准执行不到位,电缆线路,输电,隐患排查,2024-10-20,试验班,synthetic_v1
synthetic_v1_试验检测缺失_0027,交接验收过程中GIS设备交接试验仅完成部分高风险回路，且原始记录无说明,试验检测缺失,GIS设备,一次设备,交接验收,2024-03-13,输电运检室,synthetic_v1
synthetic_v1_记录台账不规范_0106,架空线路在缺陷管理环节验收问题清单时间不一致时间戳，扫描件质量较差,记录台账不规范,架空线路,输电,缺陷管理,2024-09-15,继保班,synthetic_v1
synthetic_v1_记录台账不规范_0152,配电自动化终端在运行维护环节异常处置单未签字确认关键字段，台账完整性不足,记录台账不规范,配电自动化终端,配电,运行维护,2024-03-31,设备检修部,synthetic_v1
synthetic_v1_标准执行不到位_0097,继电保护装置判定规则简化处理巡检周期，现场人员解释依据不充分,标准执行不到位,继电保护装置,二次设备,运行操作,2024-01-12,营销运维班,synthetic_v1
synthetic_v1_验收把关不严_0192,避雷器在试验检测环节投运验收资料未齐套即必要见证资料，验收把关流于形式,验收把关不严,避雷器,一次设备,试验检测,2025-05-05,输电运检室,synthetic_v1
synthetic_v1_标准执行不到位_0123,现场检查发现电能表双签要求未按抽检口径，导致执行口径不一致,标准执行不到位,电能表,营销,轮换验收,2024-07-14,运维二班,synthetic_v1
synthetic_v1_验收把关不严_0044,现场检查发现避雷器联动验收仅抽查全量回路，关键见证点缺失,验收把关不严,避雷器,一次设备,异常处置,2024-03-11,运检一班,synthetic_v1
synthetic_v1_验收把关不严_0132,现场检查发现断路器联动验收资料未齐套即必要见证资料，仍出具通过意见,验收把关不严,断路器,一次设备,试验检测,2024-03-25,输电运检室,synthetic_v1
synthetic_v1_验收把关不严_0106,电缆线路联动验收未覆盖专项复验，验收把关流于形式,验收把关不严,电缆线路,输电,检修验收,2024-01-01,设备检修部,synthetic_v1
synthetic_v1_验收把关不严_0090,工程验收过程中继电保护装置投运验收未覆盖图纸一致性，仍出具通过意见,验收把关不严,继电保护装置,二次设备,工程验收,2025-03-24,检修中心,synthetic_v1
synthetic_v1_验收把关不严_0091,主变压器在大修验收环节工程验收资料未齐套即专项复验，会议纪要未见异议记录,验收把关不严,主变压器,一次设备,大修验收,2024-12-16,继保班,synthetic_v1
synthetic_v1_试验检测缺失_0156,断路器在检修验收环节耐压试验超周期仍未实施重点测点，现场未提供替代依据,试验检测缺失,断路器,一次设备,检修验收,2025-01-14,设备检修部,synthetic_v1
synthetic_v1_标准执行不到位_0184,现场检查发现架空线路判定规则执行频次低于验收规则，现场人员解释依据不充分,标准执行不到位,架空线路,输电,竣工验收,2024-07-09,配电工程部,synthetic_v1
synthetic_v1_标准执行不到位_0106,开关柜判定规则未按审核流程，导致执行口径不一致,标准执行不到位,开关柜,配电,到货验收,2024-09-17,配电工程部,synthetic_v1
synthetic_v1_验收把关不严_0061,二次设备专业二次回路功能验收未核对必要见证资料，会议纪要未见异议记录,验收把关不严,二次回路,二次设备,现场作业,2025-03-10,设备检修部,synthetic_v1
synthetic_v1_标准执行不到位_0156,断路器在缺陷处理环节双签要求仍沿用巡检周期，相关班组未完成切换宣贯,标准执行不到位,断路器,一次设备,缺陷处理,2024-06-22,配电工程部,synthetic_v1
synthetic_v1_试验检测缺失_0019,现场检查发现开关柜状态检测缺少关键项目，导致结果无法满足验收依据,试验检测缺失,开关柜,配电,投运验收,2025-05-27,试验班,synthetic_v1
synthetic_v1_试验检测缺失_0086,直流系统耐压试验仅完成部分重点测点，未见补测安排,试验检测缺失,直流系统,二次设备,试验检测,2024-03-18,继保班,synthetic_v1
synthetic_v1_试验检测缺失_0149,电缆线路核容试验未覆盖高风险回路，导致结果无法满足验收依据,试验检测缺失,电缆线路,输电,检修验收,2024-09-20,检修中心,synthetic_v1
synthetic_v1_验收把关不严_0012,电缆线路投运验收资料未齐套即关键风险点，会议纪要未见异议记录,验收把关不严,电缆线路,输电,检修验收,2025-04-25,配电工程部,synthetic_v1
synthetic_v1_记录台账不规范_0009,试验检测过程中避雷器验收问题清单未填写关键字段，扫描件质量较差,记录台账不规范,避雷器,一次设备,试验检测,2024-04-14,运维二班,synthetic_v1
synthetic_v1_记录台账不规范_0092,输电专业架空线路操作记录缺少关键字段，整改闭环信息缺失,记录台账不规范,架空线路,输电,缺陷管理,2024-04-13,运维二班,synthetic_v1
synthetic_v1_验收把关不严_0137,避雷器在试验检测环节检修验收未组织全量回路，关键见证点缺失,验收把关不严,避雷器,一次设备,试验检测,2024-01-25,输电运检室,synthetic_v1
synthetic_v1_标准执行不到位_0016,断路器作业流程简化处理实施步骤，导致执行口径不一致,标准执行不到位,断路器,一次设备,检修验收,2025-05-07,运检一班,synthetic_v1
synthetic_v1_试验检测缺失_0170,隐患排查过程中电缆线路预防性试验超周期仍未实施重点测点，现场未提供替代依据,试验检测缺失,电缆线路,输电,隐患排查,2024-04-11,配电工程部,synthetic_v1
synthetic_v1_记录台账不规范_0131,一次设备专业主变压器异常处置单未签字确认处理依据，不满足留痕管理要求,记录台账不规范,主变压器,一次设备,状态监测,2025-03-02,运维二班,synthetic_v1
synthetic_v1_验收把关不严_0168,现场检查发现防误闭锁装置联动验收未覆盖关键风险点，验收把关流于形式,验收把关不严,防误闭锁装置,二次设备,联调联试,2024-04-02,设备检修部,synthetic_v1
synthetic_v1_记录台账不规范_0136,试验检测过程中断路器检测报告漏填责任人信息，扫描件质量较差,记录台账不规范,断路器,一次设备,试验检测,2025-05-23,设备管理部,synthetic_v1
synthetic_v1_验收把关不严_0010,架空线路隐蔽验收未覆盖专项复验，会议纪要未见异议记录,验收把关不严,架空线路,输电,日常巡检,2024-05-29,变电运维站,synthetic_v1
synthetic_v1_标准执行不到位_0063,避雷器周期要求执行频次低于巡检周期，仍按历史经验执行,标准执行不到位,避雷器,一次设备,在线监测,2025-06-11,设备检修部,synthetic_v1
synthetic_v1_标准执行不到位_0033,二次回路在现场作业环节现行标准简化处理巡检周期，仍按历史经验执行,标准执行不到位,二次回路,二次设备,现场作业,2024-12-05,变电运维站,synthetic_v1
synthetic_v1_记录台账不规范_0180,断路器在缺陷处理环节异常处置单漏填检查明细，不满足留痕管理要求,记录台账不规范,断路器,一次设备,缺陷处理,2025-06-01,运维二班,synthetic_v1
synthetic_v1_记录台账不规范_0172,开关柜操作记录漏填时间戳，扫描件质量较差,记录台账不规范,开关柜,配电,投运验收,2025-02-02,设备管理部,synthetic_v1
synthetic_v1_标准执行不到位_0152,交接验收过程中GIS设备管理模板简化处理巡检周期，与标准要求存在偏差,标准执行不到位,GIS设备,一次设备,交接验收,2025-03-31,试验班,synthetic_v1
synthetic_v1_记录台账不规范_0187,电能表原始记录仅保留结论时间戳，无法支撑后续追溯,记录台账不规范,电能表,营销,计划管理,2025-03-21,继保班,synthetic_v1
synthetic_v1_验收把关不严_0113,接地网在隐蔽验收环节投运验收未覆盖全量回路，关键见证点缺失,验收把关不严,接地网,土建,隐蔽验收,2025-04-24,运维二班,synthetic_v1
synthetic_v1_验收把关不严_0039,一次设备专业GIS设备联动验收资料未齐套即必要见证资料，关键见证点缺失,验收把关不严,GIS设备,一次设备,设备检修,2025-01-28,运检一班,synthetic_v1
synthetic_v1_记录台账不规范_0084,主变压器在试验检测环节检测报告未填写关键字段，不满足留痕管理要求,记录台账不规范,主变压器,一次设备,试验检测,2024-04-09,营销运维班,synthetic_v1
synthetic_v1_标准执行不到位_0052,输电专业电缆线路双签要求仍沿用填报要求，现场人员解释依据不充分,标准执行不到位,电缆线路,输电,试验检测,2024-06-17,试验班,synthetic_v1
synthetic_v1_试验检测缺失_0091,二次设备专业直流系统核容试验漏做规定项目，与现行标准要求不符,试验检测缺失,直流系统,二次设备,试验检测,2024-10-01,基建项目部,synthetic_v1
synthetic_v1_验收把关不严_0108,一次设备专业避雷器检修验收未完成复验即关键试验结果，会议纪要未见异议记录,验收把关不严,避雷器,一次设备,异常处置,2025-05-24,变电运维站,synthetic_v1
synthetic_v1_验收把关不严_0098,现场检查发现主变压器检修验收资料未齐套即关键风险点，仍出具通过意见,验收把关不严,主变压器,一次设备,试验检测,2024-05-02,试验班,synthetic_v1
synthetic_v1_标准执行不到位_0087,现场检查发现二次回路管理模板未落实审核流程，与标准要求存在偏差,标准执行不到位,二次回路,二次设备,运行维护,2024-04-12,设备检修部,synthetic_v1
synthetic_v1_试验检测缺失_0146,输电专业架空线路预防性试验超周期仍未实施重点测点，与现行标准要求不符,试验检测缺失,架空线路,输电,竣工验收,2024-05-20,变电运维站,synthetic_v1
synthetic_v1_试验检测缺失_0082,开关柜耐压试验缺少关键项目，与现行标准要求不符,试验检测缺失,开关柜,配电,投运验收,2024-12-24,运检一班,synthetic_v1
synthetic_v1_验收把关不严_0052,二次回路在现场作业环节隐蔽验收未核对必要见证资料，验收把关流于形式,验收把关不严,二次回路,二次设备,现场作业,2024-10-02,基建项目部,synthetic_v1
synthetic_v1_验收把关不严_0080,断路器在缺陷处理环节联动验收未完成复验即专项复验，关键见证点缺失,验收把关不严,断路器,一次设备,缺陷处理,2024-06-30,设备管理部,synthetic_v1
synthetic_v1_标准执行不到位_0178,开关柜管理模板未落实实施步骤，导致执行口径不一致,标准执行不到位,开关柜,配电,到货验收,2024-10-12,继保班,synthetic_v1
synthetic_v1_记录台账不规范_0095,配电专业开关柜验收问题清单未填写关键字段，扫描件质量较差,记录台账不规范,开关柜,配电,交接验收,2025-01-16,试验班,synthetic_v1
synthetic_v1_试验检测缺失_0039,现场检查发现架空线路耐压试验未覆盖必要工况，现场未提供替代依据,试验检测缺失,架空线路,输电,缺陷管理,2024-03-24,基建项目部,synthetic_v1
synthetic_v1_试验检测缺失_0035,开关柜交接试验缺少高风险回路，未见补测安排,试验检测缺失,开关柜,配电,投运验收,2025-05-13,设备管理部,synthetic_v1
synthetic_v1_标准执行不到位_0176,防误闭锁装置在改造验收环节判定规则仍沿用填报要求，仍按历史经验执行,标准执行不到位,防误闭锁装置,二次设备,改造验收,2024-07-07,配电工程部,synthetic_v1
synthetic_v1_记录台账不规范_0021,二次设备专业继电保护装置巡检台账时间不一致复验结论，不满足留痕管理要求,记录台账不规范,继电保护装置,二次设备,定期检验,2024-03-21,试验班,synthetic_v1
synthetic_v1_标准执行不到位_0076,日常巡检过程中架空线路周期要求未按巡检周期，仍按历史经验执行,标准执行不到位,架空线路,输电,日常巡检,2024-07-14,运维二班,synthetic_v1
synthetic_v1_记录台账不规范_0114,输电专业电缆线路原始记录缺少责任人信息，无法支撑后续追溯,记录台账不规范,电缆线路,输电,检修验收,2024-07-04,检修中心,synthetic_v1
synthetic_v1_标准执行不到位_0043,配电专业开关柜作业流程执行频次低于实施步骤，相关班组未完成切换宣贯,标准执行不到位,开关柜,配电,到货验收,2025-06-14,设备检修部,synthetic_v1
synthetic_v1_记录台账不规范_0111,配电自动化终端在运行维护环节巡检台账仅保留结论时间戳，台账完整性不足,记录台账不规范,配电自动化终端,配电,运行维护,2024-11-23,配电工程部,synthetic_v1
synthetic_v1_试验检测缺失_0008,开关柜在到货验收环节预防性试验漏做规定项目，与现行标准要求不符,试验检测缺失,开关柜,配电,到货验收,2024-08-21,运检一班,synthetic_v1
synthetic_v1_记录台账不规范_0144,现场检查发现直流系统操作记录漏填责任人信息，扫描件质量较差,记录台账不规范,直流系统,二次设备,试验检测,2025-03-24,设备检修部,synthetic_v1
synthetic_v1_试验检测缺失_0191,断路器在缺陷处理环节功能校验未开展关键项目，未见补测安排,试验检测缺失,断路器,一次设备,缺陷处理,2025-01-05,设备检修部,synthetic_v1
synthetic_v1_标准执行不到位_0032,营销专业电能表管理模板未按填报要求，现场人员解释依据不充分,标准执行不到位,电能表,营销,抽检监督,2024-09-16,设备检修部,synthetic_v1
synthetic_v1_标准执行不到位_0164,到货验收过程中开关柜现行标准未落实抽检口径，仍按历史经验执行,标准执行不到位,开关柜,配电,到货验收,2024-10-25,设备检修部,synthetic_v1
synthetic_v1_记录台账不规范_0166,异常处置过程中避雷器验收问题清单仅保留结论时间戳，无法支撑后续追溯,记录台账不规范,避雷器,一次设备,异常处置,2024-10-24,营销运维班,synthetic_v1
synthetic_v1_记录台账不规范_0061,架空线路在缺陷管理环节操作记录未签字确认关键字段，无法支撑后续追溯,记录台账不规范,架空线路,输电,缺陷管理,2024-07-11,基建项目部,synthetic_v1
synthetic_v1_记录台账不规范_0035,竣工验收过程中架空线路原始记录漏填责任人信息，台账完整性不足,记录台账不规范,架空线路,输电,竣工验收,2024-09-08,继保班,synthetic_v1
synthetic_v1_记录台账不规范_0122,防误闭锁装置在改造验收环节异常处置单仅保留结论责任人信息，整改闭环信息缺失,记录台账不规范,防误闭锁装置,二次设备,改造验收,2025-03-20,检修中心,synthetic_v1
synthetic_v1_记录台账不规范_0066,现场检查发现开关柜验收问题清单仅保留结论复验结论，不满足留痕管理要求,记录台账不规范,开关柜,配电,交接验收,2025-05-13,变电运维站,synthetic_v1
synthetic_v1_试验检测缺失_0185,整改复验过程中接地网耐压试验仅完成部分高风险回路，与现行标准要求不符,试验检测缺失,接地网,土建,整改复验,2025-05-13,基建项目部,synthetic_v1
synthetic_v1_记录台账不规范_0036,输电专业电缆线路原始记录缺少时间戳，整改闭环信息缺失,记录台账不规范,电缆线路,输电,检修验收,2024-01-10,变电运维站,synthetic_v1
synthetic_v1_验收把关不严_0101,配电专业开关柜检修验收资料未齐套即全量回路，关键见证点缺失,验收把关不严,开关柜,配电,投运验收,2024-05-08,运维二班,synthetic_v1
synthetic_v1_记录台账不规范_0026,现场检查发现断路器验收问题清单未填写责任人信息，扫描件质量较差,记录台账不规范,断路器,一次设备,缺陷处理,2024-04-30,试验班,synthetic_v1
synthetic_v1_试验检测缺失_0141,二次设备专业继电保护装置功能校验未开展高风险回路，现场未提供替代依据,试验检测缺失,继电保护装置,二次设备,运行操作,2024-06-10,设备管理部,synthetic_v1
synthetic_v1_试验检测缺失_0087,现场检查发现开关柜核容试验仅完成部分关键项目，导致结果无法满足验收依据,试验检测缺失,开关柜,配电,交接验收,2024-05-03,变电运维站,synthetic_v1
synthetic_v1_试验检测缺失_0140,断路器在试验检测环节专项复验未覆盖重点测点，与现行标准要求不符,试验检测缺失,断路器,一次设备,试验检测,2024-09-17,设备检修部,synthetic_v1
synthetic_v1_记录台账不规范_0048,现场检查发现主变压器验收问题清单未签字确认时间戳，台账完整性不足,记录台账不规范,主变压器,一次设备,试验检测,2024-07-21,检修中心,synthetic_v1
synthetic_v1_验收把关不严_0037,架空线路功能验收未核对必要见证资料，仍出具通过意见,验收把关不严,架空线路,输电,日常巡检,2024-02-23,变电运维站,synthetic_v1
synthetic_v1_验收把关不严_0094,现场检查发现直流系统功能验收未核对必要见证资料，仍出具通过意见,验收把关不严,直流系统,二次设备,日常巡检,2024-02-04,继保班,synthetic_v1
synthetic_v1_试验检测缺失_0017,二次设备专业防误闭锁装置耐压试验超周期仍未实施关键项目，现场未提供替代依据,试验检测缺失,防误闭锁装置,二次设备,联调联试,2024-01-12,试验班,synthetic_v1
synthetic_v1_试验检测缺失_0074,开关柜在到货验收环节专项复验未覆盖必要工况，且原始记录无说明,试验检测缺失,开关柜,配电,到货验收,2025-02-28,运维二班,synthetic_v1
synthetic_v1_试验检测缺失_0012,计划管理过程中电能表功能校验漏做高风险回路，与现行标准要求不符,试验检测缺失,电能表,营销,计划管理,2024-02-02,继保班,synthetic_v1
synthetic_v1_试验检测缺失_0138,技改验收过程中二次回路状态检测缺少全部间隔，现场未提供替代依据,试验检测缺失,二次回路,二次设备,技改验收,2024-05-29,配电工程部,synthetic_v1
synthetic_v1_试验检测缺失_0129,现场检查发现二次回路专项复验未覆盖规定项目，未见补测安排,试验检测缺失,二次回路,二次设备,运行维护,2025-01-21,设备管理部,synthetic_v1
synthetic_v1_标准执行不到位_0096,二次设备专业二次回路最新标准条款执行频次低于抽检口径，相关班组未完成切换宣贯,标准执行不到位,二次回路,二次设备,现场作业,2024-09-24,运检一班,synthetic_v1
synthetic_v1_试验检测缺失_0158,二次设备专业直流系统功能校验缺少全部间隔，未见补测安排,试验检测缺失,直流系统,二次设备,日常巡检,2025-01-14,运检一班,synthetic_v1
synthetic_v1_记录台账不规范_0028,防误闭锁装置验收问题清单漏填处理依据，不满足留痕管理要求,记录台账不规范,防误闭锁装置,二次设备,联调联试,2025-01-11,检修中心,synthetic_v1
synthetic_v1_标准执行不到位_0169,现场检查发现GIS设备作业流程未落实验收规则，导致执行口径不一致,标准执行不到位,GIS设备,一次设备,试验检测,2025-06-06,继保班,synthetic_v1
synthetic_v1_验收把关不严_0051,二次设备专业继电保护装置联动验收仅抽查图纸一致性，未形成风险复核闭环,验收把关不严,继电保护装置,二次设备,定期检验,2024-12-16,配电工程部,synthetic_v1
synthetic_v1_试验检测缺失_0193,现场作业过程中二次回路预防性试验超周期仍未实施必要工况，现场未提供替代依据,试验检测缺失,二次回路,二次设备,现场作业,2025-06-06,运维二班,synthetic_v1
synthetic_v1_验收把关不严_0015,继电保护装置在工程验收环节工程验收资料未齐套即全量回路，未形成风险复核闭环,验收把关不严,继电保护装置,二次设备,工程验收,2025-06-12,继保班,synthetic_v1
synthetic_v1_验收把关不严_0081,电缆线路功能验收未组织关键试验结果，验收把关流于形式,验收把关不严,电缆线路,输电,隐患排查,2024-11-13,变电运维站,synthetic_v1
synthetic_v1_验收把关不严_0040,投运验收过程中开关柜功能验收未覆盖专项复验，仍出具通过意见,验收把关不严,开关柜,配电,投运验收,2024-06-28,运检一班,synthetic_v1
synthetic_v1_标准执行不到位_0017,继电保护装置作业流程执行频次低于审核流程，仍按历史经验执行,标准执行不到位,继电保护装置,二次设备,定期检验,2024-10-06,检修中心,synthetic_v1
synthetic_v1_记录台账不规范_0159,GIS设备在试验检测环节检测报告漏填关键字段，台账完整性不足,记录台账不规范,GIS设备,一次设备,试验检测,2025-04-13,继保班,synthetic_v1
synthetic_v1_记录台账不规范_0198,电能表检测报告缺少处理依据，扫描件质量较差,记录台账不规范,电能表,营销,抽检监督,2024-03-15,设备检修部,synthetic_v1
synthetic_v1_标准执行不到位_0191,一次设备专业GIS设备管理模板简化处理实施步骤，仍按历史经验执行,标准执行不到位,GIS设备,一次设备,设备检修,2024-09-10,变电运维站,synthetic_v1
synthetic_v1_验收把关不严_0026,现场检查发现架空线路投运验收仅抽查专项复验，验收把关流于形式,验收把关不严,架空线路,输电,日常巡检,2025-05-30,运检一班,synthetic_v1
synthetic_v1_标准执行不到位_0192,二次设备专业二次回路最新标准条款仍沿用填报要求，导致执行口径不一致,标准执行不到位,二次回路,二次设备,现场作业,2024-04-30,设备检修部,synthetic_v1
synthetic_v1_标准执行不到位_0126,开关柜在到货验收环节双签要求抽检比例低于巡检周期，仍按历史经验执行,标准执行不到位,开关柜,配电,到货验收,2024-09-02,配电工程部,synthetic_v1
synthetic_v1_记录台账不规范_0004,直流系统验收问题清单仅保留结论复验结论，扫描件质量较差,记录台账不规范,直流系统,二次设备,运维监督,2024-05-15,营销运维班,synthetic_v1
synthetic_v1_记录台账不规范_0043,二次设备专业直流系统异常处置单漏填关键字段，整改闭环信息缺失,记录台账不规范,直流系统,二次设备,运维监督,2025-01-01,设备管理部,synthetic_v1
synthetic_v1_标准执行不到位_0041,缺陷处理过程中断路器周期要求简化处理实施步骤，导致执行口径不一致,标准执行不到位,断路器,一次设备,缺陷处理,2025-01-14,设备检修部,synthetic_v1
synthetic_v1_试验检测缺失_0032,避雷器耐压试验未开展必要工况，与现行标准要求不符,试验检测缺失,避雷器,一次设备,在线监测,2024-04-10,设备检修部,synthetic_v1
synthetic_v1_标准执行不到位_0089,继电保护装置作业流程未落实审核流程，导致执行口径不一致,标准执行不到位,继电保护装置,二次设备,运行操作,2024-04-01,运检一班,synthetic_v1
synthetic_v1_试验检测缺失_0113,二次设备专业继电保护装置专项复验超周期仍未实施重点测点，且原始记录无说明,试验检测缺失,继电保护装置,二次设备,工程验收,2025-04-24,运维二班,synthetic_v1
synthetic_v1_标准执行不到位_0168,接地网管理模板简化处理抽检口径，与标准要求存在偏差,标准执行不到位,接地网,土建,整改复验,2025-02-13,运检一班,synthetic_v1
synthetic_v1_验收把关不严_0154,运行操作过程中继电保护装置功能验收未核对图纸一致性，关键见证点缺失,验收把关不严,继电保护装置,二次设备,运行操作,2025-06-20,营销运维班,synthetic_v1
synthetic_v1_验收把关不严_0024,架空线路功能验收资料未齐套即图纸一致性，仍出具通过意见,验收把关不严,架空线路,输电,日常巡检,2024-08-23,运维二班,synthetic_v1
synthetic_v1_试验检测缺失_0055,现场检查发现二次回路耐压试验漏做必要工况，且原始记录无说明,试验检测缺失,二次回路,二次设备,技改验收,2024-10-12,运维二班,synthetic_v1
synthetic_v1_验收把关不严_0148,输电专业电缆线路隐蔽验收资料未齐套即图纸一致性，仍出具通过意见,验收把关不严,电缆线路,输电,检修验收,2025-05-16,输电运检室,synthetic_v1
synthetic_v1_标准执行不到位_0179,配电专业配电自动化终端最新标准条款简化处理抽检口径，与标准要求存在偏差,标准执行不到位,配电自动化终端,配电,运行维护,2025-01-09,检修中心,synthetic_v1
synthetic_v1_试验检测缺失_0064,二次设备专业防误闭锁装置状态检测漏做重点测点，现场未提供替代依据,试验检测缺失,防误闭锁装置,二次设备,联调联试,2024-03-27,检修中心,synthetic_v1
synthetic_v1_标准执行不到位_0102,现场检查发现防误闭锁装置作业流程未按实施步骤，与标准要求存在偏差,标准执行不到位,防误闭锁装置,二次设备,联调联试,2025-01-05,营销运维班,synthetic_v1
synthetic_v1_验收把关不严_0071,电能表在计划管理环节隐蔽验收资料未齐套即关键试验结果，关键见证点缺失,验收把关不严,电能表,营销,计划管理,2024-12-11,变电运维站,synthetic_v1
synthetic_v1_记录台账不规范_0014,异常处置过程中避雷器原始记录仅保留结论时间戳，扫描件质量较差,记录台账不规范,避雷器,一次设备,异常处置,2024-10-18,基建项目部,synthetic_v1
synthetic_v1_记录台账不规范_0123,现场检查发现直流系统验收问题清单仅保留结论处理依据，扫描件质量较差,记录台账不规范,直流系统,二次设备,运维监督,2024-07-23,运检一班,synthetic_v1
synthetic_v1_试验检测缺失_0009,二次设备专业继电保护装置专项复验缺少高风险回路，未见补测安排,试验检测缺失,继电保护装置,二次设备,工程验收,2025-01-08,变电运维站,synthetic_v1
synthetic_v1_试验检测缺失_0092,改造验收过程中防误闭锁装置预防性试验漏做全部间隔，导致结果无法满足验收依据,试验检测缺失,防误闭锁装置,二次设备,改造验收,2025-01-23,设备检修部,synthetic_v1
synthetic_v1_标准执行不到位_0153,GIS设备作业流程抽检比例低于验收规则，仍按历史经验执行,标准执行不到位,GIS设备,一次设备,交接验收,2025-04-04,配电工程部,synthetic_v1
synthetic_v1_验收把关不严_0118,现场检查发现GIS设备工程验收未完成复验即必要见证资料，验收把关流于形式,验收把关不严,GIS设备,一次设备,交接验收,2025-02-15,检修中心,synthetic_v1
synthetic_v1_标准执行不到位_0112,检修验收过程中电缆线路双签要求执行频次低于审核流程，相关班组未完成切换宣贯,标准执行不到位,电缆线路,输电,检修验收,2024-09-10,继保班,synthetic_v1
synthetic_v1_记录台账不规范_0184,现场检查发现直流系统操作记录未填写关键字段，不满足留痕管理要求,记录台账不规范,直流系统,二次设备,日常巡检,2024-10-16,设备管理部,synthetic_v1
synthetic_v1_标准执行不到位_0107,主变压器现行标准抽检比例低于实施步骤，仍按历史经验执行,标准执行不到位,主变压器,一次设备,大修验收,2024-03-06,输电运检室,synthetic_v1
synthetic_v1_标准执行不到位_0125,现场检查发现避雷器管理模板未落实抽检口径，现场人员解释依据不充分,标准执行不到位,避雷器,一次设备,在线监测,2024-04-30,营销运维班,synthetic_v1
synthetic_v1_验收把关不严_0198,电能表检修验收未组织关键风险点，会议纪要未见异议记录,验收把关不严,电能表,营销,轮换验收,2025-06-21,继保班,synthetic_v1
synthetic_v1_标准执行不到位_0001,运行维护过程中配电自动化终端作业流程简化处理抽检口径，导致执行口径不一致,标准执行不到位,配电自动化终端,配电,运行维护,2024-07-11,变电运维站,synthetic_v1
synthetic_v1_记录台账不规范_0058,避雷器巡检台账仅保留结论关键字段，不满足留痕管理要求,记录台账不规范,避雷器,一次设备,在线监测,2024-09-10,运维二班,synthetic_v1
synthetic_v1_验收把关不严_0175,现场检查发现避雷器功能验收仅抽查专项复验，未形成风险复核闭环,验收把关不严,避雷器,一次设备,在线监测,2024-09-16,基建项目部,synthetic_v1
synthetic_v1_标准执行不到位_0200,电能表判定规则未落实填报要求，相关班组未完成切换宣贯,标准执行不到位,电能表,营销,抽检监督,2025-04-14,运维二班,synthetic_v1
synthetic_v1_标准执行不到位_0099,到货验收过程中开关柜作业流程简化处理审核流程，现场人员解释依据不充分,标准执行不到位,开关柜,配电,到货验收,2024-10-29,变电运维站,synthetic_v1
synthetic_v1_记录台账不规范_0145,主变压器在状态监测环节异常处置单未签字确认处理依据，整改闭环信息缺失,记录台账不规范,主变压器,一次设备,状态监测,2024-05-13,营销运维班,synthetic_v1
synthetic_v1_记录台账不规范_0064,一次设备专业主变压器操作记录未填写关键字段，台账完整性不足,记录台账不规范,主变压器,一次设备,试验检测,2024-05-25,检修中心,synthetic_v1
synthetic_v1_验收把关不严_0160,电能表检修验收未核对图纸一致性，验收把关流于形式,验收把关不严,电能表,营销,轮换验收,2025-04-30,设备检修部,synthetic_v1
synthetic_v1_试验检测缺失_0151,二次设备专业二次回路状态检测漏做关键项目，且原始记录无说明,试验检测缺失,二次回路,二次设备,现场作业,2024-01-15,配电工程部,synthetic_v1
synthetic_v1_试验检测缺失_0001,现场检查发现接地网交接试验缺少规定项目，与现行标准要求不符,试验检测缺失,接地网,土建,现场检查,2024-10-08,运检一班,synthetic_v1
synthetic_v1_记录台账不规范_0195,试验检测过程中主变压器操作记录时间不一致处理依据，扫描件质量较差,记录台账不规范,主变压器,一次设备,试验检测,2025-02-07,基建项目部,synthetic_v1
synthetic_v1_试验检测缺失_0143,营销专业电能表状态检测未覆盖高风险回路，现场未提供替代依据,试验检测缺失,电能表,营销,轮换验收,2024-08-30,运维二班,synthetic_v1
synthetic_v1_标准执行不到位_0023,GIS设备管理模板未落实验收规则，仍按历史经验执行,标准执行不到位,GIS设备,一次设备,交接验收,2025-03-05,继保班,synthetic_v1
synthetic_v1_试验检测缺失_0093,现场检查发现防误闭锁装置专项复验漏做必要工况，导致结果无法满足验收依据,试验检测缺失,防误闭锁装置,二次设备,改造验收,2024-09-21,输电运检室,synthetic_v1
synthetic_v1_试验检测缺失_0063,现场检查发现避雷器功能校验未覆盖全部间隔，未见补测安排,试验检测缺失,避雷器,一次设备,试验检测,2024-11-25,基建项目部,synthetic_v1
synthetic_v1_记录台账不规范_0107,现场检查发现直流系统异常处置单漏填关键字段，不满足留痕管理要求,记录台账不规范,直流系统,二次设备,日常巡检,2024-09-15,设备检修部,synthetic_v1
synthetic_v1_标准执行不到位_0136,接地网作业流程抽检比例低于抽检口径，与标准要求存在偏差,标准执行不到位,接地网,土建,隐蔽验收,2024-01-07,运检一班,synthetic_v1
synthetic_v1_标准执行不到位_0189,继电保护装置作业流程抽检比例低于实施步骤，导致执行口径不一致,标准执行不到位,继电保护装置,二次设备,定期检验,2025-05-22,设备检修部,synthetic_v1
synthetic_v1_验收把关不严_0034,配电专业配电自动化终端联动验收未组织关键试验结果，未形成风险复核闭环,验收把关不严,配电自动化终端,配电,运行维护,2024-07-02,设备检修部,synthetic_v1
synthetic_v1_试验检测缺失_0112,现场检查发现继电保护装置核容试验缺少高风险回路，现场未提供替代依据,试验检测缺失,继电保护装置,二次设备,定期检验,2024-03-02,运维二班,synthetic_v1
synthetic_v1_验收把关不严_0013,现场检查发现开关柜工程验收未覆盖关键试验结果，关键见证点缺失,验收把关不严,开关柜,配电,投运验收,2024-10-07,变电运维站,synthetic_v1
synthetic_v1_试验检测缺失_0072,联调联试过程中防误闭锁装置预防性试验未覆盖重点测点，导致结果无法满足验收依据,试验检测缺失,防误闭锁装置,二次设备,联调联试,2024-10-08,继保班,synthetic_v1
synthetic_v1_验收把关不严_0068,现场检查发现二次回路隐蔽验收未组织关键试验结果，验收把关流于形式,验收把关不严,二次回路,二次设备,现场作业,2024-05-04,配电工程部,synthetic_v1
synthetic_v1_标准执行不到位_0116,检修验收过程中电缆线路作业流程抽检比例低于填报要求，相关班组未完成切换宣贯,标准执行不到位,电缆线路,输电,检修验收,2024-11-22,继保班,synthetic_v1
synthetic_v1_试验检测缺失_0181,配电专业开关柜功能校验未覆盖高风险回路，未见补测安排,试验检测缺失,开关柜,配电,投运验收,2025-01-20,继保班,synthetic_v1
synthetic_v1_记录台账不规范_0056,二次设备专业二次回路验收问题清单未签字确认复验结论，台账完整性不足,记录台账不规范,二次回路,二次设备,运行维护,2024-11-25,设备管理部,synthetic_v1
synthetic_v1_验收把关不严_0102,功能验收过程中配电自动化终端隐蔽验收仅抽查专项复验，会议纪要未见异议记录,验收把关不严,配电自动化终端,配电,功能验收,2024-07-16,营销运维班,synthetic_v1
synthetic_v1_记录台账不规范_0169,配电自动化终端异常处置单未填写复验结论，台账完整性不足,记录台账不规范,配电自动化终端,配电,到货验收,2024-04-19,设备管理部,synthetic_v1
synthetic_v1_验收把关不严_0066,主变压器检修验收仅抽查全量回路，未形成风险复核闭环,验收把关不严,主变压器,一次设备,大修验收,2024-06-16,运维二班,synthetic_v1
synthetic_v1_记录台账不规范_0075,二次设备专业二次回路原始记录仅保留结论检查明细，台账完整性不足,记录台账不规范,二次回路,二次设备,现场作业,2024-06-13,配电工程部,synthetic_v1
synthetic_v1_验收把关不严_0120,现场检查发现电能表联动验收未完成复验即图纸一致性，未形成风险复核闭环,验收把关不严,电能表,营销,抽检监督,2024-09-03,输电运检室,synthetic_v1
synthetic_v1_验收把关不严_0119,架空线路在竣工验收环节工程验收未完成复验即全量回路，未形成风险复核闭环,验收把关不严,架空线路,输电,竣工验收,2024-11-18,输电运检室,synthetic_v1
synthetic_v1_验收把关不严_0157,配电专业配电自动化终端投运验收未核对关键试验结果，关键见证点缺失,验收把关不严,配电自动化终端,配电,到货验收,2024-05-14,运维二班,synthetic_v1
synthetic_v1_记录台账不规范_0099,运维监督过程中直流系统巡检台账漏填复验结论，台账完整性不足,记录台账不规范,直流系统,二次设备,运维监督,2024-01-30,设备管理部,synthetic_v1
synthetic_v1_验收把关不严_0197,开关柜在到货验收环节功能验收仅抽查图纸一致性，会议纪要未见异议记录,验收把关不严,开关柜,配电,到货验收,2025-02-27,试验班,synthetic_v1
synthetic_v1_试验检测缺失_0080,一次设备专业断路器交接试验漏做全部间隔，导致结果无法满足验收依据,试验检测缺失,断路器,一次设备,试验检测,2025-01-23,试验班,synthetic_v1
synthetic_v1_试验检测缺失_0178,配电自动化终端耐压试验仅完成部分重点测点，导致结果无法满足验收依据,试验检测缺失,配电自动化终端,配电,功能验收,2024-01-27,设备管理部,synthetic_v1
synthetic_v1_标准执行不到位_0042,电缆线路双签要求未落实审核流程，与标准要求存在偏差,标准执行不到位,电缆线路,输电,检修验收,2024-11-17,配电工程部,synthetic_v1
synthetic_v1_记录台账不规范_0158,检修验收过程中断路器验收问题清单未填写检查明细，无法支撑后续追溯,记录台账不规范,断路器,一次设备,检修验收,2025-02-23,检修中心,synthetic_v1
synthetic_v1_标准执行不到位_0151,直流系统周期要求未落实巡检周期，相关班组未完成切换宣贯,标准执行不到位,直流系统,二次设备,试验检测,2024-06-06,变电运维站,synthetic_v1
synthetic_v1_记录台账不规范_0181,一次设备专业GIS设备验收问题清单仅保留结论关键字段，扫描件质量较差,记录台账不规范,GIS设备,一次设备,试验检测,2024-08-06,继保班,synthetic_v1
synthetic_v1_记录台账不规范_0046,现场检查发现主变压器原始记录漏填责任人信息，整改闭环信息缺失,记录台账不规范,主变压器,一次设备,状态监测,2024-09-23,试验班,synthetic_v1
synthetic_v1_记录台账不规范_0042,一次设备专业断路器巡检台账未填写责任人信息，整改闭环信息缺失,记录台账不规范,断路器,一次设备,缺陷处理,2024-06-08,运维二班,synthetic_v1
synthetic_v1_验收把关不严_0006,营销专业电能表检修验收未完成复验即关键风险点，关键见证点缺失,验收把关不严,电能表,营销,抽检监督,2025-02-18,基建项目部,synthetic_v1
synthetic_v1_标准执行不到位_0014,电缆线路在试验检测环节双签要求仍沿用填报要求，导致执行口径不一致,标准执行不到位,电缆线路,输电,试验检测,2025-04-25,试验班,synthetic_v1
synthetic_v1_标准执行不到位_0149,防误闭锁装置在改造验收环节最新标准条款执行频次低于填报要求，导致执行口径不一致,标准执行不到位,防误闭锁装置,二次设备,改造验收,2025-01-19,输电运检室,synthetic_v1
synthetic_v1_试验检测缺失_0068,现场检查发现配电自动化终端状态检测超周期仍未实施全部间隔，与现行标准要求不符,试验检测缺失,配电自动化终端,配电,功能验收,2024-06-29,继保班,synthetic_v1
synthetic_v1_标准执行不到位_0194,到货验收过程中配电自动化终端双签要求抽检比例低于验收规则，导致执行口径不一致,标准执行不到位,配电自动化终端,配电,到货验收,2024-12-25,基建项目部,synthetic_v1
synthetic_v1_记录台账不规范_0094,架空线路异常处置单未填写关键字段，无法支撑后续追溯,记录台账不规范,架空线路,输电,日常巡检,2025-02-15,变电运维站,synthetic_v1
synthetic_v1_试验检测缺失_0163,计划管理过程中电能表预防性试验缺少重点测点，与现行标准要求不符,试验检测缺失,电能表,营销,计划管理,2024-09-13,检修中心,synthetic_v1
synthetic_v1_记录台账不规范_0162,现场检查发现配电自动化终端巡检台账仅保留结论处理依据，整改闭环信息缺失,记录台账不规范,配电自动化终端,配电,到货验收,2024-06-26,营销运维班,synthetic_v1
synthetic_v1_标准执行不到位_0050,一次设备专业断路器周期要求执行频次低于填报要求，导致执行口径不一致,标准执行不到位,断路器,一次设备,检修验收,2024-03-16,变电运维站,synthetic_v1
synthetic_v1_验收把关不严_0036,现场检查发现防误闭锁装置联动验收未核对专项复验，会议纪要未见异议记录,验收把关不严,防误闭锁装置,二次设备,联调联试,2024-04-12,检修中心,synthetic_v1
synthetic_v1_标准执行不到位_0045,营销专业电能表周期要求未落实实施步骤，相关班组未完成切换宣贯,标准执行不到位,电能表,营销,计划管理,2024-06-25,设备检修部,synthetic_v1
synthetic_v1_记录台账不规范_0024,接地网原始记录未填写时间戳，无法支撑后续追溯,记录台账不规范,接地网,土建,整改复验,2024-06-28,变电运维站,synthetic_v1
synthetic_v1_验收把关不严_0005,电缆线路投运验收未覆盖关键风险点，关键见证点缺失,验收把关不严,电缆线路,输电,试验检测,2024-03-19,试验班,synthetic_v1
synthetic_v1_记录台账不规范_0011,接地网在现场检查环节巡检台账仅保留结论时间戳，无法支撑后续追溯,记录台账不规范,接地网,土建,现场检查,2024-12-25,设备检修部,synthetic_v1
synthetic_v1_验收把关不严_0077,运行操作过程中继电保护装置功能验收未覆盖全量回路，验收把关流于形式,验收把关不严,继电保护装置,二次设备,运行操作,2024-03-27,检修中心,synthetic_v1
synthetic_v1_验收把关不严_0166,配电专业配电自动化终端功能验收未组织专项复验，会议纪要未见异议记录,验收把关不严,配电自动化终端,配电,运行维护,2024-07-13,运检一班,synthetic_v1
synthetic_v1_标准执行不到位_0110,隐蔽验收过程中接地网周期要求抽检比例低于验收规则，现场人员解释依据不充分,标准执行不到位,接地网,土建,隐蔽验收,2024-07-01,运维二班,synthetic_v1
synthetic_v1_验收把关不严_0139,运行维护过程中配电自动化终端投运验收未覆盖图纸一致性，关键见证点缺失,验收把关不严,配电自动化终端,配电,运行维护,2024-04-25,运维二班,synthetic_v1
synthetic_v1_记录台账不规范_0170,一次设备专业避雷器验收问题清单仅保留结论复验结论，台账完整性不足,记录台账不规范,避雷器,一次设备,试验检测,2024-10-20,检修中心,synthetic_v1
synthetic_v1_标准执行不到位_0134,运维监督过程中直流系统判定规则未按审核流程，与标准要求存在偏差,标准执行不到位,直流系统,二次设备,运维监督,2024-08-24,变电运维站,synthetic_v1
synthetic_v1_试验检测缺失_0110,继电保护装置专项复验超周期仍未实施重点测点，且原始记录无说明,试验检测缺失,继电保护装置,二次设备,定期检验,2024-10-22,继保班,synthetic_v1
synthetic_v1_记录台账不规范_0016,现场检查发现防误闭锁装置检测报告未签字确认检查明细，台账完整性不足,记录台账不规范,防误闭锁装置,二次设备,运行维护,2024-09-03,运维二班,synthetic_v1
synthetic_v1_验收把关不严_0181,配电自动化终端联动验收未覆盖全量回路，仍出具通过意见,验收把关不严,配电自动化终端,配电,运行维护,2025-04-11,检修中心,synthetic_v1
synthetic_v1_记录台账不规范_0121,现场检查过程中接地网巡检台账缺少复验结论，不满足留痕管理要求,记录台账不规范,接地网,土建,现场检查,2025-04-07,运检一班,synthetic_v1
synthetic_v1_试验检测缺失_0131,土建专业接地网交接试验未开展必要工况，现场未提供替代依据,试验检测缺失,接地网,土建,整改复验,2025-05-22,检修中心,synthetic_v1
synthetic_v1_记录台账不规范_0189,电缆线路在试验检测环节异常处置单缺少责任人信息，整改闭环信息缺失,记录台账不规范,电缆线路,输电,试验检测,2024-08-21,基建项目部,synthetic_v1
synthetic_v1_验收把关不严_0019,现场检查发现避雷器检修验收仅抽查关键风险点，验收把关流于形式,验收把关不严,避雷器,一次设备,异常处置,2025-02-24,检修中心,synthetic_v1
synthetic_v1_标准执行不到位_0157,断路器周期要求简化处理巡检周期，仍按历史经验执行,标准执行不到位,断路器,一次设备,试验检测,2025-03-21,检修中心,synthetic_v1
synthetic_v1_标准执行不到位_0090,一次设备专业断路器管理模板执行频次低于抽检口径，现场人员解释依据不充分,标准执行不到位,断路器,一次设备,检修验收,2024-02-07,检修中心,synthetic_v1
synthetic_v1_试验检测缺失_0175,二次设备专业直流系统预防性试验超周期仍未实施高风险回路，现场未提供替代依据,试验检测缺失,直流系统,二次设备,日常巡检,2025-03-09,变电运维站,synthetic_v1
synthetic_v1_记录台账不规范_0073,运行维护过程中防误闭锁装置异常处置单未填写检查明细，无法支撑后续追溯,记录台账不规范,防误闭锁装置,二次设备,运行维护,2025-01-19,输电运检室,synthetic_v1
synthetic_v1_记录台账不规范_0091,现场检查发现架空线路巡检台账未签字确认复验结论，不满足留痕管理要求,记录台账不规范,架空线路,输电,日常巡检,2024-04-25,配电工程部,synthetic_v1
synthetic_v1_标准执行不到位_0160,防误闭锁装置在运行维护环节双签要求简化处理验收规则，现场人员解释依据不充分,标准执行不到位,防误闭锁装置,二次设备,运行维护,2024-05-19,配电工程部,synthetic_v1
synthetic_v1_试验检测缺失_0116,配电专业配电自动化终端功能校验缺少必要工况，且原始记录无说明,试验检测缺失,配电自动化终端,配电,运行维护,2024-02-11,试验班,synthetic_v1
synthetic_v1_记录台账不规范_0087,日常巡检过程中架空线路异常处置单未填写复验结论，无法支撑后续追溯,记录台账不规范,架空线路,输电,日常巡检,2024-05-30,基建项目部,synthetic_v1
synthetic_v1_试验检测缺失_0067,开关柜交接试验未覆盖规定项目，与现行标准要求不符,试验检测缺失,开关柜,配电,投运验收,2025-05-21,配电工程部,synthetic_v1
synthetic_v1_试验检测缺失_0031,避雷器在在线监测环节功能校验缺少规定项目，导致结果无法满足验收依据,试验检测缺失,避雷器,一次设备,在线监测,2025-04-04,继保班,synthetic_v1
synthetic_v1_记录台账不规范_0100,主变压器在大修验收环节巡检台账仅保留结论关键字段，扫描件质量较差,记录台账不规范,主变压器,一次设备,大修验收,2025-01-04,运检一班,synthetic_v1
synthetic_v1_记录台账不规范_0065,投运验收过程中开关柜验收问题清单缺少关键字段，无法支撑后续追溯,记录台账不规范,开关柜,配电,投运验收,2024-04-13,配电工程部,synthetic_v1
synthetic_v1_标准执行不到位_0133,电缆线路管理模板未按实施步骤，与标准要求存在偏差,标准执行不到位,电缆线路,输电,隐患排查,2025-06-20,运检一班,synthetic_v1
synthetic_v1_标准执行不到位_0139,现场检查发现电能表双签要求未按抽检口径，仍按历史经验执行,标准执行不到位,电能表,营销,轮换验收,2025-02-10,试验班,synthetic_v1
synthetic_v1_验收把关不严_0082,防误闭锁装置检修验收未组织全量回路，仍出具通过意见,验收把关不严,防误闭锁装置,二次设备,运行维护,2025-02-26,输电运检室,synthetic_v1
synthetic_v1_试验检测缺失_0188,直流系统状态检测仅完成部分重点测点，导致结果无法满足验收依据,试验检测缺失,直流系统,二次设备,试验检测,2024-08-23,营销运维班,synthetic_v1
synthetic_v1_验收把关不严_0144,配电自动化终端功能验收仅抽查必要见证资料，仍出具通过意见,验收把关不严,配电自动化终端,配电,运行维护,2024-10-04,基建项目部,synthetic_v1
synthetic_v1_标准执行不到位_0173,二次设备专业防误闭锁装置判定规则执行频次低于填报要求，仍按历史经验执行,标准执行不到位,防误闭锁装置,二次设备,运行维护,2024-04-09,设备检修部,synthetic_v1
synthetic_v1_标准执行不到位_0065,主变压器在大修验收环节作业流程简化处理实施步骤，与标准要求存在偏差,标准执行不到位,主变压器,一次设备,大修验收,2025-04-26,设备检修部,synthetic_v1
synthetic_v1_验收把关不严_0115,现场检查发现电能表投运验收未完成复验即关键风险点，验收把关流于形式,验收把关不严,电能表,营销,轮换验收,2024-08-09,运维二班,synthetic_v1
synthetic_v1_试验检测缺失_0148,现场检查发现开关柜核容试验缺少必要工况，导致结果无法满足验收依据,试验检测缺失,开关柜,配电,交接验收,2024-07-24,检修中心,synthetic_v1
synthetic_v1_标准执行不到位_0030,开关柜现行标准仍沿用填报要求，仍按历史经验执行,标准执行不到位,开关柜,配电,交接验收,2024-07-05,变电运维站,synthetic_v1
synthetic_v1_标准执行不到位_0038,主变压器在状态监测环节判定规则简化处理实施步骤，与标准要求存在偏差,标准执行不到位,主变压器,一次设备,状态监测,2025-03-21,输电运检室,synthetic_v1
synthetic_v1_记录台账不规范_0082,隐蔽验收过程中接地网验收问题清单漏填责任人信息，扫描件质量较差,记录台账不规范,接地网,土建,隐蔽验收,2025-01-31,运维二班,synthetic_v1
synthetic_v1_验收把关不严_0117,开关柜在投运验收环节联动验收未覆盖全量回路，未形成风险复核闭环,验收把关不严,开关柜,配电,投运验收,2024-04-18,配电工程部,synthetic_v1
synthetic_v1_验收把关不严_0060,输电专业架空线路工程验收未核对专项复验，关键见证点缺失,验收把关不严,架空线路,输电,竣工验收,2024-09-26,检修中心,synthetic_v1
synthetic_v1_标准执行不到位_0118,电缆线路在隐患排查环节判定规则未落实抽检口径，导致执行口径不一致,标准执行不到位,电缆线路,输电,隐患排查,2024-06-28,营销运维班,synthetic_v1
synthetic_v1_记录台账不规范_0067,功能验收过程中配电自动化终端验收问题清单未签字确认时间戳，扫描件质量较差,记录台账不规范,配电自动化终端,配电,功能验收,2024-06-28,继保班,synthetic_v1
synthetic_v1_试验检测缺失_0100,投运验收过程中开关柜核容试验未开展规定项目，导致结果无法满足验收依据,试验检测缺失,开关柜,配电,投运验收,2024-10-16,设备管理部,synthetic_v1
synthetic_v1_记录台账不规范_0080,抽检监督过程中电能表原始记录漏填处理依据，无法支撑后续追溯,记录台账不规范,电能表,营销,抽检监督,2025-05-06,变电运维站,synthetic_v1
synthetic_v1_试验检测缺失_0096,一次设备专业GIS设备交接试验超周期仍未实施高风险回路，现场未提供替代依据,试验检测缺失,GIS设备,一次设备,试验检测,2025-02-18,继保班,synthetic_v1
synthetic_v1_试验检测缺失_0135,运行维护过程中二次回路预防性试验仅完成部分必要工况，与现行标准要求不符,试验检测缺失,二次回路,二次设备,运行维护,2025-05-14,营销运维班,synthetic_v1
synthetic_v1_记录台账不规范_0182,一次设备专业避雷器检测报告时间不一致处理依据，台账完整性不足,记录台账不规范,避雷器,一次设备,异常处置,2025-05-01,设备管理部,synthetic_v1
synthetic_v1_记录台账不规范_0077,现场检查发现断路器巡检台账漏填责任人信息，不满足留痕管理要求,记录台账不规范,断路器,一次设备,试验检测,2024-12-05,运维二班,synthetic_v1
synthetic_v1_试验检测缺失_0081,配电自动化终端核容试验漏做关键项目，且原始记录无说明,试验检测缺失,配电自动化终端,配电,功能验收,2025-03-07,试验班,synthetic_v1
synthetic_v1_记录台账不规范_0147,开关柜操作记录时间不一致时间戳，不满足留痕管理要求,记录台账不规范,开关柜,配电,投运验收,2024-12-12,继保班,synthetic_v1
synthetic_v1_验收把关不严_0087,运行操作过程中继电保护装置检修验收资料未齐套即关键风险点，验收把关流于形式,验收把关不严,继电保护装置,二次设备,运行操作,2024-10-02,营销运维班,synthetic_v1
synthetic_v1_标准执行不到位_0003,一次设备专业避雷器作业流程抽检比例低于验收规则，现场人员解释依据不充分,标准执行不到位,避雷器,一次设备,异常处置,2025-03-25,设备检修部,synthetic_v1
synthetic_v1_标准执行不到位_0141,直流系统判定规则未按实施步骤，现场人员解释依据不充分,标准执行不到位,直流系统,二次设备,日常巡检,2025-05-02,配电工程部,synthetic_v1
synthetic_v1_验收把关不严_0174,工程验收过程中继电保护装置隐蔽验收未组织图纸一致性，仍出具通过意见,验收把关不严,继电保护装置,二次设备,工程验收,2025-04-01,营销运维班,synthetic_v1
synthetic_v1_标准执行不到位_0165,接地网在隐蔽验收环节最新标准条款未落实填报要求，仍按历史经验执行,标准执行不到位,接地网,土建,隐蔽验收,2024-09-15,继保班,synthetic_v1
synthetic_v1_验收把关不严_0032,现场检查发现二次回路联动验收未覆盖全量回路，会议纪要未见异议记录,验收把关不严,二次回路,二次设备,现场作业,2025-03-12,检修中心,synthetic_v1
synthetic_v1_记录台账不规范_0057,现场检查发现架空线路异常处置单未填写检查明细，扫描件质量较差,记录台账不规范,架空线路,输电,缺陷管理,2024-10-14,运检一班,synthetic_v1
synthetic_v1_验收把关不严_0107,架空线路在竣工验收环节隐蔽验收未组织关键风险点，关键见证点缺失,验收把关不严,架空线路,输电,竣工验收,2024-09-01,基建项目部,synthetic_v1
synthetic_v1_验收把关不严_0045,现场检查发现二次回路检修验收未完成复验即专项复验，未形成风险复核闭环,验收把关不严,二次回路,二次设备,技改验收,2024-08-19,试验班,synthetic_v1
synthetic_v1_验收把关不严_0007,输电专业电缆线路功能验收未组织图纸一致性，关键见证点缺失,验收把关不严,电缆线路,输电,隐患排查,2024-06-01,设备检修部,synthetic_v1
synthetic_v1_验收把关不严_0011,试验检测过程中避雷器工程验收未组织图纸一致性，仍出具通过意见,验收把关不严,避雷器,一次设备,试验检测,2024-03-05,继保班,synthetic_v1
synthetic_v1_试验检测缺失_0184,二次设备专业直流系统专项复验未开展全部间隔，与现行标准要求不符,试验检测缺失,直流系统,二次设备,日常巡检,2025-06-08,继保班,synthetic_v1
synthetic_v1_记录台账不规范_0002,电能表异常处置单时间不一致关键字段，台账完整性不足,记录台账不规范,电能表,营销,轮换验收,2024-05-13,输电运检室,synthetic_v1
synthetic_v1_记录台账不规范_0037,一次设备专业GIS设备异常处置单未签字确认处理依据，无法支撑后续追溯,记录台账不规范,GIS设备,一次设备,交接验收,2024-08-31,设备管理部,synthetic_v1
synthetic_v1_试验检测缺失_0089,电能表在轮换验收环节耐压试验漏做全部间隔，未见补测安排,试验检测缺失,电能表,营销,轮换验收,2025-03-19,运维二班,synthetic_v1
synthetic_v1_试验检测缺失_0056,二次回路状态检测缺少高风险回路，与现行标准要求不符,试验检测缺失,二次回路,二次设备,现场作业,2024-09-24,运维二班,synthetic_v1
synthetic_v1_标准执行不到位_0193,抽检监督过程中电能表作业流程仍沿用审核流程，现场人员解释依据不充分,标准执行不到位,电能表,营销,抽检监督,2025-03-14,基建项目部,synthetic_v1
synthetic_v1_试验检测缺失_0109,断路器在缺陷处理环节功能校验未开展全部间隔，现场未提供替代依据,试验检测缺失,断路器,一次设备,缺陷处理,2024-06-09,运维二班,synthetic_v1
synthetic_v1_验收把关不严_0133,日常巡检过程中直流系统功能验收未完成复验即必要见证资料，验收把关流于形式,验收把关不严,直流系统,二次设备,日常巡检,2025-02-12,运维二班,synthetic_v1
synthetic_v1_验收把关不严_0092,开关柜投运验收未核对全量回路，未形成风险复核闭环,验收把关不严,开关柜,配电,到货验收,2024-03-23,输电运检室,synthetic_v1
synthetic_v1_记录台账不规范_0083,现场检查发现防误闭锁装置验收问题清单未签字确认复验结论，扫描件质量较差,记录台账不规范,防误闭锁装置,二次设备,改造验收,2025-03-26,试验班,synthetic_v1
synthetic_v1_试验检测缺失_0030,接地网功能校验未开展重点测点，导致结果无法满足验收依据,试验检测缺失,接地网,土建,整改复验,2024-04-10,变电运维站,synthetic_v1
synthetic_v1_试验检测缺失_0134,开关柜在交接验收环节核容试验漏做重点测点，现场未提供替代依据,试验检测缺失,开关柜,配电,交接验收,2024-03-23,变电运维站,synthetic_v1
synthetic_v1_试验检测缺失_0052,一次设备专业断路器核容试验超周期仍未实施重点测点，未见补测安排,试验检测缺失,断路器,一次设备,缺陷处理,2025-02-25,输电运检室,synthetic_v1
synthetic_v1_记录台账不规范_0055,接地网在整改复验环节验收问题清单仅保留结论责任人信息，不满足留痕管理要求,记录台账不规范,接地网,土建,整改复验,2025-01-26,运检一班,synthetic_v1
synthetic_v1_记录台账不规范_0154,一次设备专业主变压器操作记录时间不一致复验结论，整改闭环信息缺失,记录台账不规范,主变压器,一次设备,试验检测,2024-11-07,基建项目部,synthetic_v1
synthetic_v1_标准执行不到位_0147,输电专业电缆线路周期要求未按审核流程，与标准要求存在偏差,标准执行不到位,电缆线路,输电,隐患排查,2024-02-24,输电运检室,synthetic_v1
synthetic_v1_验收把关不严_0028,直流系统联动验收未组织必要见证资料，关键见证点缺失,验收把关不严,直流系统,二次设备,运维监督,2025-01-25,设备检修部,synthetic_v1
synthetic_v1_验收把关不严_0189,一次设备专业主变压器隐蔽验收仅抽查图纸一致性，会议纪要未见异议记录,验收把关不严,主变压器,一次设备,大修验收,2024-08-05,输电运检室,synthetic_v1
synthetic_v1_试验检测缺失_0073,工程验收过程中继电保护装置交接试验缺少规定项目，且原始记录无说明,试验检测缺失,继电保护装置,二次设备,工程验收,2024-03-23,输电运检室,synthetic_v1
synthetic_v1_试验检测缺失_0176,现场作业过程中二次回路交接试验缺少重点测点，且原始记录无说明,试验检测缺失,二次回路,二次设备,现场作业,2025-06-03,基建项目部,synthetic_v1
synthetic_v1_标准执行不到位_0051,断路器周期要求仍沿用验收规则，与标准要求存在偏差,标准执行不到位,断路器,一次设备,缺陷处理,2024-07-05,变电运维站,synthetic_v1
synthetic_v1_记录台账不规范_0188,二次设备专业防误闭锁装置原始记录未填写处理依据，无法支撑后续追溯,记录台账不规范,防误闭锁装置,二次设备,联调联试,2024-02-08,输电运检室,synthetic_v1
synthetic_v1_标准执行不到位_0091,现场检查发现主变压器双签要求简化处理抽检口径，导致执行口径不一致,标准执行不到位,主变压器,一次设备,试验检测,2024-04-19,试验班,synthetic_v1
synthetic_v1_验收把关不严_0122,缺陷管理过程中架空线路投运验收未组织全量回路，验收把关流于形式,验收把关不严,架空线路,输电,缺陷管理,2024-05-18,设备管理部,synthetic_v1
synthetic_v1_试验检测缺失_0145,交接验收过程中开关柜核容试验仅完成部分高风险回路，未见补测安排,试验检测缺失,开关柜,配电,交接验收,2024-08-23,试验班,synthetic_v1
synthetic_v1_标准执行不到位_0078,现场检查发现开关柜双签要求抽检比例低于填报要求，仍按历史经验执行,标准执行不到位,开关柜,配电,到货验收,2024-07-31,设备管理部,synthetic_v1
synthetic_v1_验收把关不严_0165,现场检查发现避雷器投运验收未覆盖关键试验结果，未形成风险复核闭环,验收把关不严,避雷器,一次设备,异常处置,2025-02-09,设备管理部,synthetic_v1
synthetic_v1_记录台账不规范_0163,输电专业架空线路操作记录未签字确认时间戳，无法支撑后续追溯,记录台账不规范,架空线路,输电,竣工验收,2025-01-28,设备管理部,synthetic_v1
synthetic_v1_标准执行不到位_0159,一次设备专业断路器管理模板简化处理验收规则，仍按历史经验执行,标准执行不到位,断路器,一次设备,检修验收,2025-02-09,运检一班,synthetic_v1
synthetic_v1_记录台账不规范_0156,开关柜原始记录未填写时间戳，无法支撑后续追溯,记录台账不规范,开关柜,配电,投运验收,2025-04-08,输电运检室,synthetic_v1
synthetic_v1_标准执行不到位_0012,直流系统在运维监督环节管理模板未落实验收规则，现场人员解释依据不充分,标准执行不到位,直流系统,二次设备,运维监督,2024-07-04,检修中心,synthetic_v1
synthetic_v1_试验检测缺失_0105,断路器在试验检测环节交接试验未开展关键项目，现场未提供替代依据,试验检测缺失,断路器,一次设备,试验检测,2024-11-07,基建项目部,synthetic_v1
synthetic_v1_记录台账不规范_0127,技改验收过程中二次回路异常处置单缺少关键字段，无法支撑后续追溯,记录台账不规范,二次回路,二次设备,技改验收,2024-05-17,变电运维站,synthetic_v1
synthetic_v1_记录台账不规范_0174,竣工验收过程中架空线路操作记录时间不一致时间戳，不满足留痕管理要求,记录台账不规范,架空线路,输电,竣工验收,2025-01-11,继保班,synthetic_v1
synthetic_v1_验收把关不严_0038,营销专业电能表投运验收仅抽查全量回路，验收把关流于形式,验收把关不严,电能表,营销,计划管理,2025-03-21,设备检修部,synthetic_v1
synthetic_v1_试验检测缺失_0016,现场检查发现接地网预防性试验仅完成部分全部间隔，且原始记录无说明,试验检测缺失,接地网,土建,现场检查,2025-03-08,变电运维站,synthetic_v1
synthetic_v1_试验检测缺失_0118,二次设备专业二次回路功能校验漏做重点测点，且原始记录无说明,试验检测缺失,二次回路,二次设备,运行维护,2024-06-13,运维二班,synthetic_v1
synthetic_v1_标准执行不到位_0081,配电自动化终端在功能验收环节判定规则未落实抽检口径，相关班组未完成切换宣贯,标准执行不到位,配电自动化终端,配电,功能验收,2024-07-31,营销运维班,synthetic_v1
synthetic_v1_试验检测缺失_0162,输电专业架空线路核容试验缺少必要工况，与现行标准要求不符,试验检测缺失,架空线路,输电,缺陷管理,2024-12-02,继保班,synthetic_v1
synthetic_v1_试验检测缺失_0153,现场检查过程中接地网状态检测仅完成部分高风险回路，现场未提供替代依据,试验检测缺失,接地网,土建,现场检查,2024-01-26,设备检修部,synthetic_v1
synthetic_v1_标准执行不到位_0080,输电专业架空线路作业流程简化处理巡检周期，现场人员解释依据不充分,标准执行不到位,架空线路,输电,竣工验收,2024-09-09,继保班,synthetic_v1
synthetic_v1_试验检测缺失_0121,主变压器核容试验仅完成部分全部间隔，且原始记录无说明,试验检测缺失,主变压器,一次设备,试验检测,2025-01-05,设备管理部,synthetic_v1
synthetic_v1_验收把关不严_0088,继电保护装置在定期检验环节功能验收未完成复验即全量回路，关键见证点缺失,验收把关不严,继电保护装置,二次设备,定期检验,2025-04-11,变电运维站,synthetic_v1
synthetic_v1_记录台账不规范_0052,现场检查发现二次回路异常处置单缺少复验结论，台账完整性不足,记录台账不规范,二次回路,二次设备,现场作业,2024-10-08,检修中心,synthetic_v1
synthetic_v1_标准执行不到位_0127,电缆线路在隐患排查环节双签要求简化处理验收规则，仍按历史经验执行,标准执行不到位,电缆线路,输电,隐患排查,2024-11-11,输电运检室,synthetic_v1
synthetic_v1_记录台账不规范_0146,现场检查发现主变压器检测报告未填写时间戳，不满足留痕管理要求,记录台账不规范,主变压器,一次设备,试验检测,2024-11-17,试验班,synthetic_v1
synthetic_v1_标准执行不到位_0084,现场检查发现防误闭锁装置最新标准条款仍沿用验收规则，相关班组未完成切换宣贯,标准执行不到位,防误闭锁装置,二次设备,联调联试,2025-05-05,试验班,synthetic_v1
synthetic_v1_标准执行不到位_0094,架空线路在日常巡检环节管理模板抽检比例低于填报要求，仍按历史经验执行,标准执行不到位,架空线路,输电,日常巡检,2024-06-28,继保班,synthetic_v1
synthetic_v1_试验检测缺失_0198,配电自动化终端在功能验收环节状态检测漏做关键项目，导致结果无法满足验收依据,试验检测缺失,配电自动化终端,配电,功能验收,2024-02-27,基建项目部,synthetic_v1
synthetic_v1_标准执行不到位_0006,现场作业过程中二次回路双签要求简化处理填报要求，仍按历史经验执行,标准执行不到位,二次回路,二次设备,现场作业,2024-05-24,基建项目部,synthetic_v1
synthetic_v1_标准执行不到位_0129,现场检查发现架空线路双签要求未按验收规则，导致执行口径不一致,标准执行不到位,架空线路,输电,缺陷管理,2024-05-29,营销运维班,synthetic_v1
synthetic_v1_标准执行不到位_0015,现场检查发现防误闭锁装置周期要求抽检比例低于审核流程，现场人员解释依据不充分,标准执行不到位,防误闭锁装置,二次设备,运行维护,2025-05-29,配电工程部,synthetic_v1
synthetic_v1_验收把关不严_0055,现场检查发现主变压器联动验收未组织全量回路，未形成风险复核闭环,验收把关不严,主变压器,一次设备,状态监测,2025-05-08,运检一班,synthetic_v1
synthetic_v1_验收把关不严_0177,现场检查发现直流系统联动验收未核对全量回路，关键见证点缺失,验收把关不严,直流系统,二次设备,日常巡检,2024-01-07,运维二班,synthetic_v1
synthetic_v1_记录台账不规范_0192,继电保护装置异常处置单缺少责任人信息，整改闭环信息缺失,记录台账不规范,继电保护装置,二次设备,运行操作,2024-03-29,试验班,synthetic_v1
synthetic_v1_试验检测缺失_0024,电缆线路在隐患排查环节专项复验超周期仍未实施全部间隔，导致结果无法满足验收依据,试验检测缺失,电缆线路,输电,隐患排查,2024-07-24,营销运维班,synthetic_v1
synthetic_v1_标准执行不到位_0120,一次设备专业断路器周期要求抽检比例低于审核流程，现场人员解释依据不充分,标准执行不到位,断路器,一次设备,检修验收,2024-07-07,配电工程部,synthetic_v1
synthetic_v1_验收把关不严_0164,架空线路投运验收未完成复验即专项复验，未形成风险复核闭环,验收把关不严,架空线路,输电,日常巡检,2024-02-09,设备管理部,synthetic_v1
synthetic_v1_验收把关不严_0075,开关柜检修验收未核对专项复验，仍出具通过意见,验收把关不严,开关柜,配电,投运验收,2024-03-22,营销运维班,synthetic_v1
synthetic_v1_记录台账不规范_0134,计划管理过程中电能表原始记录缺少处理依据，整改闭环信息缺失,记录台账不规范,电能表,营销,计划管理,2024-04-30,设备管理部,synthetic_v1
synthetic_v1_试验检测缺失_0106,输电专业架空线路功能校验仅完成部分全部间隔，且原始记录无说明,试验检测缺失,架空线路,输电,日常巡检,2024-08-19,基建项目部,synthetic_v1
synthetic_v1_试验检测缺失_0048,输电专业电缆线路交接试验超周期仍未实施必要工况，与现行标准要求不符,试验检测缺失,电缆线路,输电,试验检测,2024-03-18,运维二班,synthetic_v1
synthetic_v1_记录台账不规范_0079,输电专业电缆线路原始记录缺少责任人信息，台账完整性不足,记录台账不规范,电缆线路,输电,检修验收,2024-02-25,检修中心,synthetic_v1
synthetic_v1_标准执行不到位_0142,防误闭锁装置管理模板抽检比例低于实施步骤，导致执行口径不一致,标准执行不到位,防误闭锁装置,二次设备,运行维护,2024-12-05,变电运维站,synthetic_v1
synthetic_v1_试验检测缺失_0090,断路器在缺陷处理环节核容试验仅完成部分必要工况，且原始记录无说明,试验检测缺失,断路器,一次设备,缺陷处理,2024-10-03,设备管理部,synthetic_v1
synthetic_v1_验收把关不严_0009,现场检查过程中接地网检修验收未完成复验即专项复验，验收把关流于形式,验收把关不严,接地网,土建,现场检查,2024-06-18,基建项目部,synthetic_v1
synthetic_v1_验收把关不严_0104,现场检查发现架空线路隐蔽验收未组织专项复验，会议纪要未见异议记录,验收把关不严,架空线路,输电,缺陷管理,2024-12-22,设备管理部,synthetic_v1
synthetic_v1_试验检测缺失_0046,防误闭锁装置功能校验超周期仍未实施高风险回路，与现行标准要求不符,试验检测缺失,防误闭锁装置,二次设备,运行维护,2024-04-04,运检一班,synthetic_v1
synthetic_v1_标准执行不到位_0119,主变压器在大修验收环节双签要求抽检比例低于填报要求，仍按历史经验执行,标准执行不到位,主变压器,一次设备,大修验收,2025-01-25,变电运维站,synthetic_v1
synthetic_v1_试验检测缺失_0005,二次设备专业继电保护装置预防性试验未开展全部间隔，与现行标准要求不符,试验检测缺失,继电保护装置,二次设备,定期检验,2024-12-10,继保班,synthetic_v1
synthetic_v1_试验检测缺失_0119,土建专业接地网预防性试验未覆盖高风险回路，导致结果无法满足验收依据,试验检测缺失,接地网,土建,隐蔽验收,2024-02-07,设备管理部,synthetic_v1
synthetic_v1_记录台账不规范_0135,输电专业架空线路验收问题清单漏填时间戳，整改闭环信息缺失,记录台账不规范,架空线路,输电,缺陷管理,2025-06-19,试验班,synthetic_v1
synthetic_v1_验收把关不严_0131,防误闭锁装置在联调联试环节检修验收仅抽查专项复验，会议纪要未见异议记录,验收把关不严,防误闭锁装置,二次设备,联调联试,2025-05-31,基建项目部,synthetic_v1
synthetic_v1_标准执行不到位_0197,现场检查发现断路器周期要求未落实抽检口径，现场人员解释依据不充分,标准执行不到位,断路器,一次设备,缺陷处理,2024-09-10,输电运检室,synthetic_v1
synthetic_v1_记录台账不规范_0071,主变压器原始记录仅保留结论关键字段，扫描件质量较差,记录台账不规范,主变压器,一次设备,大修验收,2024-09-12,继保班,synthetic_v1
synthetic_v1_试验检测缺失_0038,现场检查发现架空线路预防性试验未覆盖必要工况，未见补测安排,试验检测缺失,架空线路,输电,缺陷管理,2024-08-28,变电运维站,synthetic_v1
synthetic_v1_验收把关不严_0142,防误闭锁装置在联调联试环节隐蔽验收未覆盖必要见证资料，仍出具通过意见,验收把关不严,防误闭锁装置,二次设备,联调联试,2024-05-24,营销运维班,synthetic_v1
synthetic_v1_标准执行不到位_0011,现场检查发现电能表双签要求未落实验收规则，现场人员解释依据不充分,标准执行不到位,电能表,营销,抽检监督,2024-02-08,设备管理部,synthetic_v1
synthetic_v1_试验检测缺失_0136,接地网预防性试验超周期仍未实施全部间隔，与现行标准要求不符,试验检测缺失,接地网,土建,整改复验,2024-08-20,试验班,synthetic_v1
synthetic_v1_验收把关不严_0093,检修验收过程中电缆线路功能验收未组织关键风险点，仍出具通过意见,验收把关不严,电缆线路,输电,检修验收,2024-07-15,检修中心,synthetic_v1
